{"lowlevel.dissonance.mean": [0.29032957553863525], "sfx.inharmonicity.mean": [0.45666709542274475], "lowlevel.spectral_contrast.mean": [[0.5214101076126099, 0.7749567031860352, 0.7410953044891357, 0.5723614692687988, 0.39823412895202637, 0.34975242614746094]], "lowlevel.spectral_centroid.mean": [0.3511236011981964], "lowlevel.mfcc.mean": [[0.4606379270553589, 0.9515341520309448, 0.6492066383361816, 0.09001842141151428, 0.15443962812423706, 0.15333601832389832, 0.19528329372406006, 0.33635440468788147, 0.5793730616569519, 0.5592441558837891, 0.5615924000740051, 0.49060410261154175, 0.638840913772583]], "sfx.logattacktime.mean": [0.42937999963760376], "lowlevel.hfc.mean": [0.47010287642478943]}