{"lowlevel.dissonance.mean": [0.4767385721206665], "sfx.inharmonicity.mean": [0.518836498260498], "lowlevel.spectral_contrast.mean": [[0.12936687469482422, 1.104004979133606, 1.211445689201355, 1.3437047004699707, 0.9644782543182373, 0.5762722492218018]], "lowlevel.spectral_centroid.mean": [0.4322279989719391], "lowlevel.mfcc.mean": [[0.48093199729919434, 0.36959514021873474, -0.35070428252220154, 0.17428404092788696, 0.18309536576271057, 0.10637131333351135, 0.15376245975494385, 0.12018093466758728, 0.3125256299972534, 0.27203577756881714, 0.5635883212089539, 0.7151522636413574, 1.191213846206665]], "sfx.logattacktime.mean": [0.4665152430534363], "lowlevel.hfc.mean": [0.48674020171165466]}