{"lowlevel.dissonance.mean": [0.25923776626586914], "sfx.inharmonicity.mean": [0.3327134847640991], "lowlevel.spectral_contrast.mean": [[0.5904062986373901, 1.2727749347686768, 1.128139615058899, 1.115847110748291, 1.199094533920288, 0.6640796661376953]], "lowlevel.spectral_centroid.mean": [0.3948523998260498], "lowlevel.mfcc.mean": [[0.5510196685791016, 0.2787327468395233, 0.10716116428375244, 0.5769535303115845, 0.24367423355579376, 0.1284148097038269, 0.6019085049629211, 0.49334007501602173, 0.30482617020606995, 1.289038896560669, 1.363574504852295, 1.255507230758667, 1.569512963294983]], "sfx.logattacktime.mean": [0.557828962802887], "lowlevel.hfc.mean": [0.4889591336250305]}