{"lowlevel.dissonance.mean": [0.39172816276550293], "sfx.inharmonicity.mean": [0.7178410291671753], "lowlevel.spectral_contrast.mean": [[0.4573136568069458, 0.6608870029449463, 0.4529292583465576, 0.3440680503845215, 0.38008880615234375, 0.3388075828552246]], "lowlevel.spectral_centroid.mean": [0.3152587115764618], "lowlevel.mfcc.mean": [[0.25921332836151123, 0.497543603181839, 0.6851761341094971, 0.6858062744140625, 0.6002259850502014, 0.4771384298801422, 0.532696545124054, 0.5536852478981018, 0.48011884093284607, 0.37184008955955505, 0.4124356806278229, 0.43138301372528076, 0.6524568200111389]], "sfx.logattacktime.mean": [0.27188169956207275], "lowlevel.hfc.mean": [0.469368040561676]}