{"lowlevel.dissonance.mean": [0.5782260894775391], "sfx.inharmonicity.mean": [0.35724812746047974], "lowlevel.spectral_contrast.mean": [[0.5183795690536499, 0.23472213745117188, 0.29219865798950195, 0.7680809497833252, 0.5247578620910645, 0.38909292221069336]], "lowlevel.spectral_centroid.mean": [0.3627127408981323], "lowlevel.mfcc.mean": [[0.21522772312164307, 0.3407466411590576, 0.5788750648498535, 0.5453425645828247, 0.6668737530708313, 0.8203928470611572, 0.9301369190216064, 0.8054391741752625, 0.4241122007369995, 0.46655386686325073, 0.8731552362442017, 1.2383244037628174, 0.7905168533325195]], "sfx.logattacktime.mean": [0.2508467733860016], "lowlevel.hfc.mean": [0.4794454574584961]}