{"lowlevel.dissonance.mean": [-0.12145578861236572], "sfx.inharmonicity.mean": [0.3524972200393677], "lowlevel.spectral_contrast.mean": [[0.7857187390327454, 0.7041094303131104, 0.4157499074935913, 0.2642629146575928, 0.21066498756408691, 0.23503875732421875]], "lowlevel.spectral_centroid.mean": [0.3095937967300415], "lowlevel.mfcc.mean": [[0.21201777458190918, 0.5908316373825073, 0.9524765014648438, 0.8584092259407043, 0.8025117516517639, 0.6257309913635254, 0.5297825336456299, 0.382874995470047, 0.3240566551685333, 0.1954157054424286, 0.12345770001411438, 0.03474104404449463, 0.052166908979415894]], "sfx.logattacktime.mean": [0.17093998193740845], "lowlevel.hfc.mean": [0.46664509177207947]}