{"lowlevel.dissonance.mean": [0.3515005111694336], "sfx.inharmonicity.mean": [0.25111135840415955], "lowlevel.spectral_contrast.mean": [[0.49796605110168457, 0.7088359594345093, 0.4230828285217285, 0.3906118869781494, 0.3410918712615967, 0.333629846572876]], "lowlevel.spectral_centroid.mean": [0.31767717003822327], "lowlevel.mfcc.mean": [[0.2647181749343872, 0.5150591135025024, 0.6622455716133118, 0.6194784641265869, 0.5638179779052734, 0.46908456087112427, 0.5324444770812988, 0.5040051341056824, 0.4423532783985138, 0.29340046644210815, 0.3284916579723358, 0.397283136844635, 0.5402031540870667]], "sfx.logattacktime.mean": [0.2853553593158722], "lowlevel.hfc.mean": [0.4707626402378082]}