{"lowlevel.dissonance.mean": [0.580389142036438], "sfx.inharmonicity.mean": [0.46872851252555847], "lowlevel.spectral_contrast.mean": [[0.26322901248931885, 1.0024981498718262, 0.3585677146911621, 0.8299300670623779, 0.9185574054718018, 0.6155939102172852]], "lowlevel.spectral_centroid.mean": [0.5456494688987732], "lowlevel.mfcc.mean": [[0.5040379762649536, 0.06049766391515732, 0.16743984818458557, 0.5310391187667847, 0.3718295097351074, 0.17189261317253113, 0.5125575661659241, 0.3573685884475708, 1.2100811004638672, 1.31874418258667, 1.017336130142212, 1.0601270198822021, 0.3855312168598175]], "sfx.logattacktime.mean": [0.34303566813468933], "lowlevel.hfc.mean": [0.46972963213920593]}