{"lowlevel.dissonance.mean": [0.32293641567230225], "sfx.inharmonicity.mean": [0.9933955669403076], "lowlevel.spectral_contrast.mean": [[0.4117511510848999, 1.0035607814788818, 0.914440393447876, 0.8356088399887085, 0.46390581130981445, 0.42006921768188477]], "lowlevel.spectral_centroid.mean": [0.40055418014526367], "lowlevel.mfcc.mean": [[0.5665026903152466, 0.40632620453834534, 0.3566228151321411, 0.159013032913208, 0.1904599666595459, 0.3725111186504364, 0.40987762808799744, 0.028699636459350586, 0.10168659687042236, 0.2898321747779846, 0.5377902984619141, 0.5273298621177673, 0.6499921083450317]], "sfx.logattacktime.mean": [0.37275558710098267], "lowlevel.hfc.mean": [0.46649569272994995]}