{"lowlevel.dissonance.mean": [0.6436101198196411], "sfx.inharmonicity.mean": [0.8663698434829712], "lowlevel.spectral_contrast.mean": [[0.3612658977508545, 0.2283008098602295, 0.2739529609680176, 1.7510261535644531, 1.005183458328247, 0.524909257888794]], "lowlevel.spectral_centroid.mean": [0.49827995896339417], "lowlevel.mfcc.mean": [[0.23257291316986084, 0.22956979274749756, 0.09531691670417786, 0.2970263659954071, 0.9475840330123901, 1.0512834787368774, 0.5049106478691101, -0.3779726028442383, -0.008516430854797363, 1.505109429359436, 1.4510701894760132, -0.49515968561172485, -0.5417472124099731]], "sfx.logattacktime.mean": [0.15290474891662598], "lowlevel.hfc.mean": [0.4837300777435303]}