{"lowlevel.dissonance.mean": [0.16397905349731445], "sfx.inharmonicity.mean": [0.3322218060493469], "lowlevel.spectral_contrast.mean": [[0.26115870475769043, 0.7586209774017334, 0.8029143810272217, 0.7118885517120361, 0.46062445640563965, 0.44911694526672363]], "lowlevel.spectral_centroid.mean": [0.39136210083961487], "lowlevel.mfcc.mean": [[0.35794293880462646, 0.541778564453125, 0.5221216082572937, 0.28281480073928833, 0.2761121988296509, 0.5339071750640869, 0.5051769614219666, 0.5341830253601074, 0.5866779088973999, 0.45816361904144287, 0.4679740369319916, 0.6435694694519043, 0.8930648565292358]], "sfx.logattacktime.mean": [0.17177090048789978], "lowlevel.hfc.mean": [0.47365427017211914]}