{"lowlevel.dissonance.mean": [0.633969783782959], "sfx.inharmonicity.mean": [0.46475374698638916], "lowlevel.spectral_contrast.mean": [[0.5887011289596558, 0.26667630672454834, 0.8814054727554321, 0.6761970520019531, 1.313360333442688, 1.0174720287322998]], "lowlevel.spectral_centroid.mean": [0.6158809661865234], "lowlevel.mfcc.mean": [[0.5044182538986206, 0.08938868343830109, 0.38429415225982666, 0.581183910369873, 0.4534376859664917, 0.47234395146369934, 0.8700923323631287, 0.75965416431427, 0.5913264155387878, 0.07405218482017517, 0.08783909678459167, 1.519440770149231, 2.0589847564697266]], "sfx.logattacktime.mean": [0.5915667414665222], "lowlevel.hfc.mean": [0.47945576906204224]}