{"lowlevel.dissonance.mean": [0.7083152532577515], "sfx.inharmonicity.mean": [0.7353168725967407], "lowlevel.spectral_contrast.mean": [[0.37975287437438965, 0.2831566333770752, 0.26200270652770996, 1.5850281715393066, 1.1800270080566406, 0.4699366092681885]], "lowlevel.spectral_centroid.mean": [0.5050491094589233], "lowlevel.mfcc.mean": [[0.2791121006011963, 0.08762724697589874, 0.05385908484458923, 0.4261554181575775, 0.8256338834762573, 0.8641706705093384, 0.6756722927093506, -0.09652721881866455, -0.15523463487625122, 1.7161895036697388, 1.5942325592041016, -0.47177833318710327, -0.2684459090232849]], "sfx.logattacktime.mean": [0.42891132831573486], "lowlevel.hfc.mean": [0.4901370406150818]}