{"lowlevel.dissonance.mean": [-0.3476693630218506], "sfx.inharmonicity.mean": [0.33707195520401], "lowlevel.spectral_contrast.mean": [[0.6191019415855408, 1.132906198501587, 0.9045313596725464, 0.7669506072998047, 0.3775515556335449, 0.33276796340942383]], "lowlevel.spectral_centroid.mean": [0.34880727529525757], "lowlevel.mfcc.mean": [[0.40487051010131836, 0.8510646820068359, 0.6198206543922424, 0.036081790924072266, 0.06890273094177246, 0.14359086751937866, 0.022958606481552124, -0.03793966770172119, 0.5114701986312866, 0.7146408557891846, 0.6145952939987183, 0.514270544052124, 0.3876459002494812]], "sfx.logattacktime.mean": [0.38036543130874634], "lowlevel.hfc.mean": [0.47290128469467163]}