{"lowlevel.dissonance.mean": [0.4027637243270874], "sfx.inharmonicity.mean": [0.28054672479629517], "lowlevel.spectral_contrast.mean": [[0.250713586807251, 1.0778721570968628, 1.178495168685913, 1.0211315155029297, 0.7076075077056885, 0.5672657489776611]], "lowlevel.spectral_centroid.mean": [0.4220958352088928], "lowlevel.mfcc.mean": [[0.49904370307922363, 0.2506045401096344, 0.19927147030830383, 0.3166552186012268, 0.19641587138175964, 0.4634826183319092, 0.47338464856147766, 0.2676836848258972, 0.4112923741340637, 0.39044177532196045, 0.2780606746673584, 0.5306710600852966, 1.0510038137435913]], "sfx.logattacktime.mean": [0.5154560804367065], "lowlevel.hfc.mean": [0.4684593081474304]}