{"lowlevel.dissonance.mean": [0.29300475120544434], "sfx.inharmonicity.mean": [0.663025438785553], "lowlevel.spectral_contrast.mean": [[0.3293342590332031, 0.24592804908752441, 1.4085502624511719, 1.0989127159118652, 0.6595942974090576, 0.37340521812438965]], "lowlevel.spectral_centroid.mean": [0.43886446952819824], "lowlevel.mfcc.mean": [[0.2661968469619751, 0.20544591546058655, -0.01150694489479065, 0.25887954235076904, 0.5151506066322327, 0.5259049534797668, 0.9307570457458496, 1.0173232555389404, 0.8463714122772217, -0.07448458671569824, -0.35120195150375366, 0.6769886016845703, 1.617476463317871]], "sfx.logattacktime.mean": [0.573967695236206], "lowlevel.hfc.mean": [0.47157183289527893]}