{"lowlevel.dissonance.mean": [0.38111984729766846], "sfx.inharmonicity.mean": [0.297238290309906], "lowlevel.spectral_contrast.mean": [[0.48722946643829346, 0.8253782987594604, 0.5692706108093262, 0.5462193489074707, 0.3396635055541992, 0.35628700256347656]], "lowlevel.spectral_centroid.mean": [0.3406860828399658], "lowlevel.mfcc.mean": [[0.44017863273620605, 0.960615873336792, 0.7672033309936523, 0.2006787210702896, 0.3122064471244812, 0.36604881286621094, 0.06237116456031799, -0.04060196876525879, 0.4688933193683624, 0.6841201782226562, 0.6695207357406616, 0.5752937197685242, 0.6953939199447632]], "sfx.logattacktime.mean": [0.4444335699081421], "lowlevel.hfc.mean": [0.4773148000240326]}