{"lowlevel.dissonance.mean": [0.3904378414154053], "sfx.inharmonicity.mean": [0.3545434772968292], "lowlevel.spectral_contrast.mean": [[0.4932444095611572, 0.8479009866714478, 1.1255642175674438, 1.2190890312194824, 1.123323678970337, 0.6622016429901123]], "lowlevel.spectral_centroid.mean": [0.4300076961517334], "lowlevel.mfcc.mean": [[0.48845016956329346, 0.24938106536865234, 0.16521456837654114, 0.5875952243804932, 0.3434622287750244, 0.22039853036403656, 0.5119025707244873, 0.6189059019088745, 0.7581267356872559, 1.0922627449035645, 1.27266526222229, 1.1468242406845093, 0.6124992370605469]], "sfx.logattacktime.mean": [0.5531497597694397], "lowlevel.hfc.mean": [0.49236318469047546]}