{"lowlevel.dissonance.mean": [-0.18627572059631348], "sfx.inharmonicity.mean": [0.332292765378952], "lowlevel.spectral_contrast.mean": [[0.72407066822052, 1.3201851844787598, 1.117173433303833, 0.9071778059005737, 0.4583580493927002, 0.40012145042419434]], "lowlevel.spectral_centroid.mean": [0.3542330861091614], "lowlevel.mfcc.mean": [[0.45753276348114014, 0.879801869392395, 0.48218590021133423, -0.0806269645690918, 0.06741568446159363, 0.0866445004940033, -0.09598040580749512, -0.13138461112976074, 0.4090461730957031, 0.5105159878730774, 0.47696807980537415, 0.2657695710659027, 0.1891828179359436]], "sfx.logattacktime.mean": [0.5516099333763123], "lowlevel.hfc.mean": [0.4750494956970215]}