{"lowlevel.dissonance.mean": [-0.11319828033447266], "sfx.inharmonicity.mean": [0.3759518563747406], "lowlevel.spectral_contrast.mean": [[0.17421722412109375, 0.11497950553894043, 1.8775136470794678, 1.079684853553772, 0.3259577751159668, 0.29233646392822266]], "lowlevel.spectral_centroid.mean": [0.4166605472564697], "lowlevel.mfcc.mean": [[0.24860036373138428, 0.3706880807876587, 0.14053022861480713, -0.24414116144180298, 0.20465391874313354, 0.7102315425872803, 1.1650108098983765, 1.3666187524795532, 1.0202879905700684, -0.23299354314804077, -1.2786931991577148, -0.5533385276794434, 1.6539727449417114]], "sfx.logattacktime.mean": [0.42733243107795715], "lowlevel.hfc.mean": [0.49500659108161926]}