{"lowlevel.dissonance.mean": [0.44785094261169434], "sfx.inharmonicity.mean": [0.9307029247283936], "lowlevel.spectral_contrast.mean": [[0.72585529088974, 1.072211742401123, 0.8721565008163452, 0.6671581268310547, 0.5304372310638428, 0.43462347984313965]], "lowlevel.spectral_centroid.mean": [0.3570691645145416], "lowlevel.mfcc.mean": [[0.7599804401397705, 1.106690764427185, 0.4189799726009369, 0.16886712610721588, 0.0523243248462677, 0.03936544060707092, 0.3888109028339386, 0.4951551854610443, 0.24100741744041443, 0.8725389242172241, 0.338229238986969, 0.15425947308540344, 0.2866804599761963]], "sfx.logattacktime.mean": [0.5131516456604004], "lowlevel.hfc.mean": [0.516633927822113]}