{"lowlevel.dissonance.mean": [0.3939272165298462], "sfx.inharmonicity.mean": [0.597644567489624], "lowlevel.spectral_contrast.mean": [[0.20212805271148682, 0.3118867874145508, 0.31037020683288574, 1.7577415704727173, 0.4664931297302246, 0.18860697746276855]], "lowlevel.spectral_centroid.mean": [0.4487398862838745], "lowlevel.mfcc.mean": [[0.2853555679321289, 0.4424695074558258, 0.13903716206550598, -0.2781500220298767, 0.4412338435649872, 1.0931992530822754, 1.0008643865585327, 0.23594550788402557, -0.27191001176834106, 0.15953025221824646, 1.2806066274642944, 1.5556639432907104, 0.41989973187446594]], "sfx.logattacktime.mean": [0.23037511110305786], "lowlevel.hfc.mean": [0.5109856128692627]}