{"lowlevel.dissonance.mean": [0.35832643508911133], "sfx.inharmonicity.mean": [0.3209688067436218], "lowlevel.spectral_contrast.mean": [[0.7720580697059631, 0.7751364707946777, 0.957394003868103, 0.6532113552093506, 0.40756726264953613, 0.39450669288635254]], "lowlevel.spectral_centroid.mean": [0.3922595977783203], "lowlevel.mfcc.mean": [[0.5264978408813477, 0.44631922245025635, 0.3182713985443115, 0.1876000612974167, 0.11881884932518005, 0.31230366230010986, 0.4413560628890991, 0.25581881403923035, 0.28009992837905884, 0.35752072930336, 0.19156375527381897, 0.13329291343688965, -0.11557364463806152]], "sfx.logattacktime.mean": [0.3416823148727417], "lowlevel.hfc.mean": [0.46628180146217346]}