{"lowlevel.dissonance.mean": [0.20461225509643555], "sfx.inharmonicity.mean": [0.3203012943267822], "lowlevel.spectral_contrast.mean": [[0.5713813304901123, 0.9339433908462524, 1.1972373723983765, 1.3208534717559814, 0.9699008464813232, 0.608844518661499]], "lowlevel.spectral_centroid.mean": [0.4034188687801361], "lowlevel.mfcc.mean": [[0.45463478565216064, 0.29797714948654175, 0.24012920260429382, 0.5110920071601868, 0.2811514139175415, 0.2651386260986328, 0.6682834029197693, 0.624111533164978, 0.623049259185791, 1.138667345046997, 1.5461621284484863, 1.441646695137024, 0.49280044436454773]], "sfx.logattacktime.mean": [0.5306705832481384], "lowlevel.hfc.mean": [0.484081894159317]}