{"lowlevel.dissonance.mean": [-0.20674794912338257], "sfx.inharmonicity.mean": [1.2559667825698853], "lowlevel.spectral_contrast.mean": [[0.7358085513114929, 1.2852487564086914, 1.0378806591033936, 1.0113197565078735, 0.5430476665496826, 0.3901185989379883]], "lowlevel.spectral_centroid.mean": [0.35164549946784973], "lowlevel.mfcc.mean": [[0.45173704624176025, 0.8272848129272461, 0.44642722606658936, 0.06258675456047058, 0.1545821726322174, 0.2168898731470108, 0.1156797707080841, -0.09311211109161377, 0.2729176878929138, 0.3175226151943207, 0.42820119857788086, 0.4534941017627716, 0.2978867292404175]], "sfx.logattacktime.mean": [0.47260114550590515], "lowlevel.hfc.mean": [0.47167161107063293]}