{"lowlevel.dissonance.mean": [0.03762936592102051], "sfx.inharmonicity.mean": [0.4411504566669464], "lowlevel.spectral_contrast.mean": [[0.22828352451324463, 0.22388529777526855, 1.5612525939941406, 1.0395005941390991, 0.716900110244751, 0.3331334590911865]], "lowlevel.spectral_centroid.mean": [0.3973657190799713], "lowlevel.mfcc.mean": [[0.3038896322250366, 0.4013184607028961, -0.017273038625717163, -0.09518831968307495, 0.3023793697357178, 0.3240664303302765, 0.5975100994110107, 0.7132595181465149, 1.13566255569458, 1.3998661041259766, 0.890993595123291, 0.09489217400550842, -0.5332735776901245]], "sfx.logattacktime.mean": [0.34763795137405396], "lowlevel.hfc.mean": [0.4741338789463043]}