{"lowlevel.dissonance.mean": [0.37088823318481445], "sfx.inharmonicity.mean": [0.30252084136009216], "lowlevel.spectral_contrast.mean": [[0.2398620843887329, 1.128179907798767, 1.0219420194625854, 1.179621696472168, 0.8388314247131348, 0.6367282867431641]], "lowlevel.spectral_centroid.mean": [0.4141383171081543], "lowlevel.mfcc.mean": [[0.5104144811630249, 0.2412135899066925, 0.20244115591049194, 0.30849534273147583, 0.1423262357711792, 0.5130280256271362, 0.3238636553287506, 0.1657927930355072, 0.39163950085639954, 0.4572588801383972, 0.5174483060836792, 1.010952353477478, 1.5736974477767944]], "sfx.logattacktime.mean": [0.5165531635284424], "lowlevel.hfc.mean": [0.4688921570777893]}