{"lowlevel.dissonance.mean": [-0.29366809129714966], "sfx.inharmonicity.mean": [0.32137179374694824], "lowlevel.spectral_contrast.mean": [[0.2793159484863281, 1.3657500743865967, 1.425431251525879, 0.7461209297180176, 1.1640541553497314, 0.3032217025756836]], "lowlevel.spectral_centroid.mean": [0.3893924951553345], "lowlevel.mfcc.mean": [[0.2631148099899292, 0.38024696707725525, 0.2292710542678833, -0.048541367053985596, 0.12174299359321594, 0.24974775314331055, 0.3821887969970703, 0.5558520555496216, 0.6470823884010315, 0.3652796447277069, 0.7087055444717407, 1.7401777505874634, 1.6138170957565308]], "sfx.logattacktime.mean": [0.2637537121772766], "lowlevel.hfc.mean": [0.4695785343647003]}