{"lowlevel.dissonance.mean": [0.5376863479614258], "sfx.inharmonicity.mean": [1.0397056341171265], "lowlevel.spectral_contrast.mean": [[0.33252155780792236, 0.17034566402435303, 0.2103564739227295, 1.863959550857544, 0.6533515453338623, 0.2633700370788574]], "lowlevel.spectral_centroid.mean": [0.4902966022491455], "lowlevel.mfcc.mean": [[0.18815362453460693, 0.23920372128486633, 0.19853714108467102, 0.2493925541639328, 0.9133396148681641, 1.0305898189544678, 0.5292128324508667, -0.3191812038421631, 0.009555339813232422, 1.4793527126312256, 1.4643574953079224, -0.37611013650894165, -0.6245449781417847]], "sfx.logattacktime.mean": [0.23108109831809998], "lowlevel.hfc.mean": [0.4846634864807129]}