{"lowlevel.dissonance.mean": [0.505826473236084], "sfx.inharmonicity.mean": [0.3605823516845703], "lowlevel.spectral_contrast.mean": [[0.248504638671875, 1.0483009815216064, 0.7691440582275391, 0.7532734870910645, 0.6623485088348389, 0.5251379013061523]], "lowlevel.spectral_centroid.mean": [0.4477972388267517], "lowlevel.mfcc.mean": [[0.5052503347396851, 0.11947676539421082, 0.2138059437274933, 0.42512404918670654, 0.40402498841285706, 0.15520760416984558, 0.20845603942871094, 0.43877899646759033, 0.7866007685661316, 0.5799403786659241, 1.2988920211791992, 1.2901133298873901, 1.207053542137146]], "sfx.logattacktime.mean": [0.41546356678009033], "lowlevel.hfc.mean": [0.4677162170410156]}