{"lowlevel.dissonance.mean": [0.2862445116043091], "sfx.inharmonicity.mean": [0.20637033879756927], "lowlevel.spectral_contrast.mean": [[1.1956859827041626, 1.0189300775527954, 0.8792935609817505, 0.870394229888916, 0.7634885311126709, 0.7400979995727539]], "lowlevel.spectral_centroid.mean": [0.3296830356121063], "lowlevel.mfcc.mean": [[0.7837507724761963, 0.7752753496170044, 0.2723846435546875, 0.593817412853241, 0.4426794946193695, 0.42643070220947266, 0.00435715913772583, 0.09837493300437927, -0.03316158056259155, 0.3002116084098816, -0.08712500333786011, -0.19385266304016113, 0.06233242154121399]], "sfx.logattacktime.mean": [0.5143839120864868], "lowlevel.hfc.mean": [0.492657333612442]}