{"lowlevel.dissonance.mean": [0.40977442264556885], "sfx.inharmonicity.mean": [0.21309776604175568], "lowlevel.spectral_contrast.mean": [[0.5872999429702759, 0.44677066802978516, 0.3898954391479492, 0.32199978828430176, 0.28101491928100586, 0.2961266040802002]], "lowlevel.spectral_centroid.mean": [0.30818209052085876], "lowlevel.mfcc.mean": [[0.2141742706298828, 0.48257842659950256, 0.7196100950241089, 0.6768373250961304, 0.6648989319801331, 0.5815677046775818, 0.641849160194397, 0.6035048365592957, 0.5976457595825195, 0.47309207916259766, 0.3907141089439392, 0.32421132922172546, 0.33797788619995117]], "sfx.logattacktime.mean": [0.2638903856277466], "lowlevel.hfc.mean": [0.46901601552963257]}