{"lowlevel.dissonance.mean": [-0.06630367040634155], "sfx.inharmonicity.mean": [0.5527831315994263], "lowlevel.spectral_contrast.mean": [[0.2785031795501709, 0.9425643682479858, 0.49903953075408936, 0.2951633930206299, 0.2685422897338867, 0.2570962905883789]], "lowlevel.spectral_centroid.mean": [0.3277733325958252], "lowlevel.mfcc.mean": [[0.222076416015625, 0.5891750454902649, 0.9087513089179993, 0.7734382748603821, 0.6410292983055115, 0.35842740535736084, 0.2560252249240875, 0.16103562712669373, 0.19610550999641418, 0.19030553102493286, 0.2796148359775543, 0.33575403690338135, 0.450547456741333]], "sfx.logattacktime.mean": [0.21033021807670593], "lowlevel.hfc.mean": [0.46869000792503357]}