{"lowlevel.dissonance.mean": [0.5910624265670776], "sfx.inharmonicity.mean": [0.28940272331237793], "lowlevel.spectral_contrast.mean": [[0.5307278633117676, 0.23112976551055908, 0.3389143943786621, 0.6124494075775146, 0.5096909999847412, 0.4163784980773926]], "lowlevel.spectral_centroid.mean": [0.3434421122074127], "lowlevel.mfcc.mean": [[0.1822301149368286, 0.2689857482910156, 0.5277208089828491, 0.5389231443405151, 0.6499859094619751, 0.7746323347091675, 0.9170854687690735, 0.9326983690261841, 0.6263077259063721, 0.42666763067245483, 0.7616300582885742, 1.0795831680297852, 0.9456804990768433]], "sfx.logattacktime.mean": [0.2678595185279846], "lowlevel.hfc.mean": [0.47914209961891174]}