{"lowlevel.dissonance.mean": [0.44645726680755615], "sfx.inharmonicity.mean": [0.6804009675979614], "lowlevel.spectral_contrast.mean": [[0.13755929470062256, 0.3118126392364502, 0.31172680854797363, 1.8004097938537598, 0.6133790016174316, 0.24341654777526855]], "lowlevel.spectral_centroid.mean": [0.4537910521030426], "lowlevel.mfcc.mean": [[0.3158634901046753, 0.38718074560165405, 0.056509554386138916, -0.2332647442817688, 0.39084959030151367, 1.021045446395874, 1.0506627559661865, 0.25875675678253174, -0.3558782935142517, 0.24633881449699402, 1.1562011241912842, 1.5995076894760132, 0.48825693130493164]], "sfx.logattacktime.mean": [0.41223639249801636], "lowlevel.hfc.mean": [0.5339291095733643]}