{"lowlevel.dissonance.mean": [-0.3007713556289673], "sfx.inharmonicity.mean": [0.4065277576446533], "lowlevel.spectral_contrast.mean": [[0.7053530812263489, 1.049736738204956, 0.8054653406143188, 0.7147374153137207, 0.40312671661376953, 0.33168673515319824]], "lowlevel.spectral_centroid.mean": [0.34757882356643677], "lowlevel.mfcc.mean": [[0.4001110792160034, 0.875532865524292, 0.6803295612335205, 0.1081714928150177, 0.2686958312988281, 0.29334497451782227, 0.0734642744064331, 0.01757955551147461, 0.3875731825828552, 0.5852845907211304, 0.5221388339996338, 0.48517856001853943, 0.6348991394042969]], "sfx.logattacktime.mean": [0.38359493017196655], "lowlevel.hfc.mean": [0.4718594253063202]}