{"lowlevel.dissonance.mean": [0.5170285701751709], "sfx.inharmonicity.mean": [0.3489550054073334], "lowlevel.spectral_contrast.mean": [[0.45743799209594727, 0.6443798542022705, 0.6732546091079712, 0.5300922393798828, 0.33735203742980957, 0.3210301399230957]], "lowlevel.spectral_centroid.mean": [0.33937010169029236], "lowlevel.mfcc.mean": [[0.4226062297821045, 0.9441072940826416, 0.7956241369247437, 0.2370360791683197, 0.27894020080566406, 0.29130828380584717, 0.1608407199382782, 0.1117582619190216, 0.45639538764953613, 0.6235197186470032, 0.6939108967781067, 0.6564961075782776, 0.546446681022644]], "sfx.logattacktime.mean": [0.4034641981124878], "lowlevel.hfc.mean": [0.4708300828933716]}