{"lowlevel.dissonance.mean": [0.661378026008606], "sfx.inharmonicity.mean": [0.4701336622238159], "lowlevel.spectral_contrast.mean": [[0.20798063278198242, 0.2933310270309448, 0.3525550365447998, 0.5922548770904541, 0.44304442405700684, 0.3330836296081543]], "lowlevel.spectral_centroid.mean": [0.45759737491607666], "lowlevel.mfcc.mean": [[0.22192168235778809, 0.4169628322124481, 0.4571942389011383, 0.5269543528556824, 0.8549082279205322, 0.7337193489074707, 0.5488603115081787, 0.2648010849952698, 0.24264678359031677, 0.596429169178009, 0.7667276859283447, 0.3175486922264099, 0.2670331597328186]], "sfx.logattacktime.mean": [0.37733399868011475], "lowlevel.hfc.mean": [0.4650907814502716]}