{"lowlevel.dissonance.mean": [0.40532052516937256], "sfx.inharmonicity.mean": [0.25013476610183716], "lowlevel.spectral_contrast.mean": [[0.5388302803039551, 0.5980225801467896, 0.49793386459350586, 0.4685041904449463, 0.34308910369873047, 0.31769752502441406]], "lowlevel.spectral_centroid.mean": [0.31592026352882385], "lowlevel.mfcc.mean": [[0.21908187866210938, 0.40164896845817566, 0.5604133605957031, 0.5486034750938416, 0.5451869964599609, 0.5043616890907288, 0.5841788053512573, 0.5525151491165161, 0.6059401035308838, 0.6541149020195007, 0.7313100099563599, 0.7959085702896118, 0.9626889228820801]], "sfx.logattacktime.mean": [0.2842186987400055], "lowlevel.hfc.mean": [0.47034451365470886]}