{"lowlevel.dissonance.mean": [-0.0032965540885925293], "sfx.inharmonicity.mean": [0.3603046238422394], "lowlevel.spectral_contrast.mean": [[0.33378124237060547, 1.398335576057434, 0.6513149738311768, 1.2493036985397339, 0.5746829509735107, 0.45688748359680176]], "lowlevel.spectral_centroid.mean": [0.3856655955314636], "lowlevel.mfcc.mean": [[0.3036692142486572, 0.3969924747943878, 0.011547833681106567, -0.05642664432525635, 0.19962793588638306, 0.24247851967811584, 0.6018438935279846, 0.5597381591796875, 0.48461559414863586, 1.038488507270813, 1.8138201236724854, 1.3976150751113892, 0.4107523560523987]], "sfx.logattacktime.mean": [0.3175429403781891], "lowlevel.hfc.mean": [0.468447208404541]}