{"lowlevel.dissonance.mean": [0.6908806562423706], "sfx.inharmonicity.mean": [0.3638562858104706], "lowlevel.spectral_contrast.mean": [[0.5811065435409546, 0.24836790561676025, 0.30385303497314453, 0.5820193290710449, 0.4949932098388672, 0.3933231830596924]], "lowlevel.spectral_centroid.mean": [0.347668319940567], "lowlevel.mfcc.mean": [[0.2214905023574829, 0.3385007679462433, 0.5893653035163879, 0.5886339545249939, 0.6535028219223022, 0.7744561433792114, 0.9144428968429565, 0.8015673160552979, 0.5247714519500732, 0.6322944760322571, 1.0478479862213135, 0.8287544250488281, 0.31525760889053345]], "sfx.logattacktime.mean": [0.2677721083164215], "lowlevel.hfc.mean": [0.4794701337814331]}