{"lowlevel.dissonance.mean": [-0.25091099739074707], "sfx.inharmonicity.mean": [0.25994881987571716], "lowlevel.spectral_contrast.mean": [[0.7713234424591064, 1.2709970474243164, 0.9529807567596436, 0.7524499893188477, 0.3792710304260254, 0.3324611186981201]], "lowlevel.spectral_centroid.mean": [0.34871289134025574], "lowlevel.mfcc.mean": [[0.4106252193450928, 0.8513284921646118, 0.5954355001449585, 0.003322690725326538, 0.016275882720947266, 0.06375178694725037, -0.024312496185302734, -0.04547107219696045, 0.4185340702533722, 0.5730507969856262, 0.5703340768814087, 0.46328043937683105, 0.3191043436527252]], "sfx.logattacktime.mean": [0.44557780027389526], "lowlevel.hfc.mean": [0.47799718379974365]}