{"lowlevel.dissonance.mean": [-0.04434096813201904], "sfx.inharmonicity.mean": [0.4372560381889343], "lowlevel.spectral_contrast.mean": [[0.5809249877929688, 0.9463369846343994, 0.8495441675186157, 0.7066925764083862, 0.4286060333251953, 0.33234238624572754]], "lowlevel.spectral_centroid.mean": [0.34636130928993225], "lowlevel.mfcc.mean": [[0.4023953676223755, 0.8707011938095093, 0.6359578967094421, 0.025160133838653564, 0.13852804899215698, 0.1584031879901886, 0.21409732103347778, 0.38339799642562866, 0.5032874941825867, 0.40375083684921265, 0.5051401853561401, 0.6449432969093323, 0.6961586475372314]], "sfx.logattacktime.mean": [0.4503081738948822], "lowlevel.hfc.mean": [0.4693187475204468]}