{"lowlevel.dissonance.mean": [0.719843864440918], "sfx.inharmonicity.mean": [0.7376145124435425], "lowlevel.spectral_contrast.mean": [[0.3667316436767578, 0.2371993064880371, 0.2654991149902344, 1.4032975435256958, 1.3521639108657837, 0.645906925201416]], "lowlevel.spectral_centroid.mean": [0.606927752494812], "lowlevel.mfcc.mean": [[0.31741225719451904, 0.015551283955574036, 0.1501084268093109, 0.4760172367095947, 0.736125648021698, 0.5296916365623474, 0.7215138673782349, -0.04457908868789673, 0.5051990151405334, 1.9556199312210083, 0.7364763021469116, -0.8654077053070068, 0.9090453386306763]], "sfx.logattacktime.mean": [0.34178397059440613], "lowlevel.hfc.mean": [0.4892493188381195]}