{"lowlevel.dissonance.mean": [0.11346936225891113], "sfx.inharmonicity.mean": [0.40229663252830505], "lowlevel.spectral_contrast.mean": [[0.3118246793746948, 1.244066834449768, 1.4577975273132324, 0.9912151098251343, 1.4161838293075562, 0.40209436416625977]], "lowlevel.spectral_centroid.mean": [0.4337679147720337], "lowlevel.mfcc.mean": [[0.28866517543792725, 0.31047141551971436, 0.08723616600036621, 0.04088655114173889, 0.2737058401107788, 0.28327634930610657, 0.4153447151184082, 0.3849295377731323, 0.525526225566864, 0.4038318395614624, 0.508600652217865, 1.3638458251953125, 1.6587467193603516]], "sfx.logattacktime.mean": [0.21260231733322144], "lowlevel.hfc.mean": [0.47030454874038696]}