{"lowlevel.dissonance.mean": [0.3679574728012085], "sfx.inharmonicity.mean": [0.2926655411720276], "lowlevel.spectral_contrast.mean": [[0.5856910943984985, 0.6365262269973755, 0.648292064666748, 0.6627578735351562, 0.33707666397094727, 0.32817506790161133]], "lowlevel.spectral_centroid.mean": [0.3373069763183594], "lowlevel.mfcc.mean": [[0.4262382984161377, 0.9209057092666626, 0.7316387295722961, 0.2582206726074219, 0.39878275990486145, 0.46732285618782043, 0.3859802782535553, 0.18155384063720703, 0.45460718870162964, 0.823980450630188, 0.9027202129364014, 0.6763542294502258, 0.4584689140319824]], "sfx.logattacktime.mean": [0.4397454857826233], "lowlevel.hfc.mean": [0.4682157635688782]}