{"lowlevel.dissonance.mean": [0.39910829067230225], "sfx.inharmonicity.mean": [0.2508247494697571], "lowlevel.spectral_contrast.mean": [[0.5094543695449829, 1.200602412223816, 1.4087116718292236, 1.2285271883010864, 1.3802560567855835, 0.7629420757293701]], "lowlevel.spectral_centroid.mean": [0.43010199069976807], "lowlevel.mfcc.mean": [[0.6194727420806885, 0.25855714082717896, -0.06336185336112976, 0.6199072003364563, 0.4629165232181549, 0.055743515491485596, 0.2033488154411316, 0.6089903116226196, 0.3959536552429199, 0.6438405513763428, 0.6590420007705688, 0.8728671073913574, 1.7238696813583374]], "sfx.logattacktime.mean": [0.5583329796791077], "lowlevel.hfc.mean": [0.512550413608551]}