{"lowlevel.dissonance.mean": [0.6014537811279297], "sfx.inharmonicity.mean": [0.5831295251846313], "lowlevel.spectral_contrast.mean": [[0.18819844722747803, 0.9076297283172607, 1.0096805095672607, 0.9668291807174683, 0.8658013343811035, 0.6762266159057617]], "lowlevel.spectral_centroid.mean": [0.4531937837600708], "lowlevel.mfcc.mean": [[0.40654492378234863, 0.17187903821468353, -0.1559647023677826, 0.34881138801574707, 0.19396436214447021, 0.27491986751556396, 0.19321706891059875, 0.3479629158973694, 0.3745220899581909, 0.5645322203636169, 0.9923961758613586, 1.231930136680603, 1.1825618743896484]], "sfx.logattacktime.mean": [0.5142715573310852], "lowlevel.hfc.mean": [0.4855941832065582]}