{"lowlevel.dissonance.mean": [-0.07162010669708252], "sfx.inharmonicity.mean": [0.32124990224838257], "lowlevel.spectral_contrast.mean": [[0.7235612869262695, 1.2640177011489868, 1.2625792026519775, 0.848638653755188, 0.5566749572753906, 0.348834753036499]], "lowlevel.spectral_centroid.mean": [0.34646397829055786], "lowlevel.mfcc.mean": [[0.43111908435821533, 0.837803840637207, 0.4602494537830353, -0.09108877182006836, 0.04818457365036011, 0.06508979201316833, 0.06887102127075195, 0.13796547055244446, 0.41803622245788574, 0.3418104648590088, 0.2410886287689209, 0.30666476488113403, 0.42954951524734497]], "sfx.logattacktime.mean": [0.4334280490875244], "lowlevel.hfc.mean": [0.4721723794937134]}