{"lowlevel.dissonance.mean": [0.24150848388671875], "sfx.inharmonicity.mean": [0.3798346221446991], "lowlevel.spectral_contrast.mean": [[0.5145090818405151, 1.3237327337265015, 1.1710113286972046, 1.1406116485595703, 1.2104524374008179, 0.6466789245605469]], "lowlevel.spectral_centroid.mean": [0.395183801651001], "lowlevel.mfcc.mean": [[0.546989917755127, 0.29157304763793945, 0.0742955207824707, 0.561935305595398, 0.268463134765625, 0.049703896045684814, 0.6211371421813965, 0.45951974391937256, 0.3582632541656494, 1.1272584199905396, 1.3647499084472656, 1.36271333694458, 1.4789377450942993]], "sfx.logattacktime.mean": [0.5316681861877441], "lowlevel.hfc.mean": [0.49092939496040344]}