{"lowlevel.dissonance.mean": [0.330511212348938], "sfx.inharmonicity.mean": [0.23254187405109406], "lowlevel.spectral_contrast.mean": [[0.557292103767395, 1.2373645305633545, 1.2294461727142334, 1.0223933458328247, 1.189329981803894, 0.6557025909423828]], "lowlevel.spectral_centroid.mean": [0.3825303018093109], "lowlevel.mfcc.mean": [[0.5386360883712769, 0.3051277995109558, 0.07068684697151184, 0.5940428972244263, 0.4463465213775635, 0.16328305006027222, 0.40890491008758545, 0.5887739658355713, 0.37127459049224854, 0.6813515424728394, 0.7928829193115234, 1.2594075202941895, 1.6180607080459595]], "sfx.logattacktime.mean": [0.5258727073669434], "lowlevel.hfc.mean": [0.4884212613105774]}