{"lowlevel.dissonance.mean": [-0.026183009147644043], "sfx.inharmonicity.mean": [0.21077577769756317], "lowlevel.spectral_contrast.mean": [[0.55706787109375, 0.9286746978759766, 0.6953995227813721, 0.6292541027069092, 0.3532412052154541, 0.31503796577453613]], "lowlevel.spectral_centroid.mean": [0.34537190198898315], "lowlevel.mfcc.mean": [[0.42542028427124023, 0.9530404806137085, 0.7667608261108398, 0.1385364830493927, 0.2119615077972412, 0.26235514879226685, 0.19258034229278564, 0.11202418804168701, 0.2922595143318176, 0.49717622995376587, 0.703588604927063, 0.8376661539077759, 0.967196524143219]], "sfx.logattacktime.mean": [0.44848814606666565], "lowlevel.hfc.mean": [0.4759772717952728]}