{"lowlevel.dissonance.mean": [0.13538014888763428], "sfx.inharmonicity.mean": [0.44542405009269714], "lowlevel.spectral_contrast.mean": [[0.25622498989105225, 0.19921588897705078, 1.4285691976547241, 1.0579255819320679, 0.5722494125366211, 0.3560326099395752]], "lowlevel.spectral_centroid.mean": [0.39909541606903076], "lowlevel.mfcc.mean": [[0.29582834243774414, 0.34022092819213867, -0.0012898445129394531, -0.04412919282913208, 0.26068997383117676, 0.3806018531322479, 0.6856061220169067, 0.8367455005645752, 1.281097412109375, 1.335434913635254, 0.6202442049980164, -0.4865065813064575, -0.9473158121109009]], "sfx.logattacktime.mean": [0.602017343044281], "lowlevel.hfc.mean": [0.4715018570423126]}