{"lowlevel.dissonance.mean": [0.36517226696014404], "sfx.inharmonicity.mean": [0.2850649952888489], "lowlevel.spectral_contrast.mean": [[0.2480405569076538, 1.0789015293121338, 1.2484644651412964, 0.8294550180435181, 0.7188639640808105, 0.5497233867645264]], "lowlevel.spectral_centroid.mean": [0.41595131158828735], "lowlevel.mfcc.mean": [[0.5105704069137573, 0.3117682933807373, 0.19916915893554688, 0.3100198209285736, 0.17070654034614563, 0.4784303903579712, 0.5680191516876221, 0.17001134157180786, 0.004206538200378418, 0.1245279312133789, 0.21890664100646973, 0.4669398367404938, 0.912997841835022]], "sfx.logattacktime.mean": [0.5160697102546692], "lowlevel.hfc.mean": [0.46821749210357666]}