{"lowlevel.dissonance.mean": [0.4209129810333252], "sfx.inharmonicity.mean": [0.6179671287536621], "lowlevel.spectral_contrast.mean": [[0.3390486240386963, 0.22891902923583984, 0.2607431411743164, 1.4802849292755127, 1.1330924034118652, 0.3991830348968506]], "lowlevel.spectral_centroid.mean": [0.4610278606414795], "lowlevel.mfcc.mean": [[0.27764415740966797, 0.17203985154628754, -0.059706658124923706, 0.20545434951782227, 0.6894857287406921, 0.9225237369537354, 1.1033744812011719, 0.6971992254257202, -0.1005018949508667, -0.36484527587890625, 0.9005736112594604, 2.311431884765625, 0.9568955898284912]], "sfx.logattacktime.mean": [0.324276328086853], "lowlevel.hfc.mean": [0.47974222898483276]}