{"lowlevel.dissonance.mean": [0.6607463359832764], "sfx.inharmonicity.mean": [0.6224164366722107], "lowlevel.spectral_contrast.mean": [[0.3069190979003906, 0.22365903854370117, 0.2662360668182373, 1.6720361709594727, 1.158669114112854, 0.4904158115386963]], "lowlevel.spectral_centroid.mean": [0.4856187701225281], "lowlevel.mfcc.mean": [[0.3367196321487427, 0.07096539437770844, 0.023740649223327637, 0.24165859818458557, 0.7796812057495117, 0.8537366390228271, 0.854122519493103, 0.1713084876537323, -0.3700840473175049, 0.9241844415664673, 2.134383201599121, 0.6491538286209106, -0.9535863399505615]], "sfx.logattacktime.mean": [0.549294650554657], "lowlevel.hfc.mean": [0.516905665397644]}