{"lowlevel.dissonance.mean": [0.34602248668670654], "sfx.inharmonicity.mean": [0.2184685915708542], "lowlevel.spectral_contrast.mean": [[0.5505949258804321, 1.281310796737671, 0.9098067283630371, 1.204757809638977, 1.076580286026001, 0.7175209522247314]], "lowlevel.spectral_centroid.mean": [0.3768996298313141], "lowlevel.mfcc.mean": [[0.5571833848953247, 0.27489399909973145, 0.12496247887611389, 0.6679137945175171, 0.29529494047164917, 0.10069328546524048, 0.1240018904209137, 0.2486003041267395, 0.5186792612075806, 0.9746226072311401, 1.1054608821868896, 1.2748501300811768, 1.8499616384506226]], "sfx.logattacktime.mean": [0.5402970910072327], "lowlevel.hfc.mean": [0.47711604833602905]}