{"lowlevel.dissonance.mean": [0.4533635377883911], "sfx.inharmonicity.mean": [0.7478598356246948], "lowlevel.spectral_contrast.mean": [[0.2558242082595825, 0.2240849733352661, 1.4083389043807983, 1.3689030408859253, 1.5311709642410278, 0.4173877239227295]], "lowlevel.spectral_centroid.mean": [0.49677401781082153], "lowlevel.mfcc.mean": [[0.3015202283859253, 0.22276441752910614, -0.1033453643321991, 0.1611756980419159, 0.7378292083740234, 0.7717940211296082, 0.7388759851455688, 0.9388679265975952, 0.4485817849636078, -0.6035828590393066, -0.07836192846298218, 1.9936734437942505, 1.8797638416290283]], "sfx.logattacktime.mean": [0.3103890120983124], "lowlevel.hfc.mean": [0.5116851329803467]}