{"lowlevel.dissonance.mean": [0.5827442407608032], "sfx.inharmonicity.mean": [0.5230717062950134], "lowlevel.spectral_contrast.mean": [[0.2574402093887329, 0.8356103897094727, 0.9085134267807007, 0.8412536382675171, 0.8705823421478271, 0.6900689601898193]], "lowlevel.spectral_centroid.mean": [0.5680009126663208], "lowlevel.mfcc.mean": [[0.5026907920837402, 0.018496960401535034, 0.19772326946258545, 0.5611129999160767, 0.36918896436691284, 0.2600480318069458, 0.47911912202835083, 0.3368270993232727, 1.5095288753509521, 1.1130661964416504, 0.9165410995483398, 0.9633320569992065, 0.3456873893737793]], "sfx.logattacktime.mean": [0.34427136182785034], "lowlevel.hfc.mean": [0.47040385007858276]}