{"lowlevel.dissonance.mean": [0.4622615575790405], "sfx.inharmonicity.mean": [0.32092440128326416], "lowlevel.spectral_contrast.mean": [[0.5766186714172363, 0.27763259410858154, 1.4556392431259155, 1.2023465633392334, 1.5140862464904785, 0.9523026943206787]], "lowlevel.spectral_centroid.mean": [0.5225692391395569], "lowlevel.mfcc.mean": [[0.5887130498886108, 0.06275897473096848, 0.19125160574913025, 0.758528470993042, 0.09906941652297974, 0.3083927035331726, 0.6133168935775757, 0.9168010950088501, 0.8362428545951843, 1.550993800163269, 1.1128597259521484, 0.14692193269729614, 0.09622284770011902]], "sfx.logattacktime.mean": [0.5824341177940369], "lowlevel.hfc.mean": [0.505165159702301]}