{"lowlevel.dissonance.mean": [0.595005989074707], "sfx.inharmonicity.mean": [1.649869441986084], "lowlevel.spectral_contrast.mean": [[0.35404467582702637, 0.2287604808807373, 0.27454614639282227, 1.3915774822235107, 1.366288423538208, 0.5084595680236816]], "lowlevel.spectral_centroid.mean": [0.518567681312561], "lowlevel.mfcc.mean": [[0.32772397994995117, 0.07076849043369293, -0.03998252749443054, 0.49134737253189087, 0.6061437129974365, 0.6291316151618958, 0.9184497594833374, 0.8685424327850342, -0.11654859781265259, -0.0708664059638977, 1.1798081398010254, 1.944445252418518, 0.44413629174232483]], "sfx.logattacktime.mean": [0.3902771472930908], "lowlevel.hfc.mean": [0.4843234121799469]}