{"lowlevel.dissonance.mean": [0.09675097465515137], "sfx.inharmonicity.mean": [0.4667612612247467], "lowlevel.spectral_contrast.mean": [[0.2640722990036011, 0.2229325771331787, 1.5588130950927734, 1.0041166543960571, 0.5663728713989258, 0.37442731857299805]], "lowlevel.spectral_centroid.mean": [0.4124077558517456], "lowlevel.mfcc.mean": [[0.2603222131729126, 0.30931252241134644, -0.06140068173408508, 0.008958756923675537, 0.5958909392356873, 0.6136987209320068, 0.7848079800605774, 0.9750636219978333, 0.9983937740325928, 0.36684638261795044, -0.3721461296081543, -0.39205533266067505, 0.7777380347251892]], "sfx.logattacktime.mean": [0.3032698631286621], "lowlevel.hfc.mean": [0.47604814171791077]}