{"lowlevel.dissonance.mean": [-0.3494712710380554], "sfx.inharmonicity.mean": [0.21461047232151031], "lowlevel.spectral_contrast.mean": [[0.7378525137901306, 1.2629358768463135, 0.7740110158920288, 0.7441829442977905, 0.44995951652526855, 0.33606529235839844]], "lowlevel.spectral_centroid.mean": [0.33634549379348755], "lowlevel.mfcc.mean": [[0.4127310514450073, 0.8382618427276611, 0.6074183583259583, 0.2341424971818924, 0.3365258574485779, 0.15001359581947327, -0.06747454404830933, -0.19294041395187378, -0.0035013556480407715, 0.2706705331802368, 0.525932788848877, 0.40335676074028015, 0.4830498695373535]], "sfx.logattacktime.mean": [0.3440135717391968], "lowlevel.hfc.mean": [0.4757136404514313]}