{"lowlevel.dissonance.mean": [-0.40637868642807007], "sfx.inharmonicity.mean": [0.45744118094444275], "lowlevel.spectral_contrast.mean": [[0.577006459236145, 1.2076630592346191, 1.0024712085723877, 0.8072227239608765, 0.402099609375, 0.3204684257507324]], "lowlevel.spectral_centroid.mean": [0.35129377245903015], "lowlevel.mfcc.mean": [[0.4022282361984253, 0.8407038450241089, 0.5492807030677795, -0.11926794052124023, -0.0116635262966156, 0.13175123929977417, 0.08143642544746399, 0.03847616910934448, 0.4847067594528198, 0.6044307947158813, 0.47690466046333313, 0.6648293733596802, 0.8413733839988708]], "sfx.logattacktime.mean": [0.4379158020019531], "lowlevel.hfc.mean": [0.46995386481285095]}