{"lowlevel.dissonance.mean": [0.3623450994491577], "sfx.inharmonicity.mean": [0.3477199673652649], "lowlevel.spectral_contrast.mean": [[0.4330277442932129, 0.9955092668533325, 0.957229495048523, 0.7631971836090088, 0.42531847953796387, 0.4334726333618164]], "lowlevel.spectral_centroid.mean": [0.3904980719089508], "lowlevel.mfcc.mean": [[0.5162180662155151, 0.33798766136169434, 0.2585798501968384, 0.16781307756900787, 0.2210586965084076, 0.44887611269950867, 0.4021221399307251, 0.24532382190227509, 0.43084588646888733, 0.23898369073867798, 0.18788695335388184, 0.09987914562225342, 0.4850359857082367]], "sfx.logattacktime.mean": [0.3533737063407898], "lowlevel.hfc.mean": [0.4665568470954895]}