{"lowlevel.dissonance.mean": [0.5701249837875366], "sfx.inharmonicity.mean": [1.369867205619812], "lowlevel.spectral_contrast.mean": [[0.24942409992218018, 0.24691271781921387, 1.054329752922058, 0.8710123300552368, 0.8468012809753418, 0.7313058376312256]], "lowlevel.spectral_centroid.mean": [0.5615189075469971], "lowlevel.mfcc.mean": [[0.4989892244338989, 0.029641859233379364, 0.22306376695632935, 0.5532572269439697, 0.22541341185569763, 0.27472084760665894, 0.45738089084625244, 0.7095794677734375, 1.6810057163238525, 0.8077473044395447, 0.9559876918792725, 0.6580394506454468, -0.12563800811767578]], "sfx.logattacktime.mean": [0.3487030267715454], "lowlevel.hfc.mean": [0.4703710973262787]}