{"lowlevel.dissonance.mean": [-0.46849989891052246], "sfx.inharmonicity.mean": [0.36485159397125244], "lowlevel.spectral_contrast.mean": [[0.3500787019729614, 1.4322583675384521, 0.8551359176635742, 1.178424596786499, 0.583702564239502, 0.3786773681640625]], "lowlevel.spectral_centroid.mean": [0.37973031401634216], "lowlevel.mfcc.mean": [[0.21721434593200684, 0.3284894824028015, 0.33443528413772583, 0.1916557401418686, 0.23592185974121094, 0.18019723892211914, 0.10543638467788696, 0.41937798261642456, 0.9342796802520752, 1.2796640396118164, 1.2085591554641724, 0.6316011548042297, 0.28620296716690063]], "sfx.logattacktime.mean": [0.23606601357460022], "lowlevel.hfc.mean": [0.4703609049320221]}