{"lowlevel.dissonance.mean": [0.5697994232177734], "sfx.inharmonicity.mean": [0.4623411297798157], "lowlevel.spectral_contrast.mean": [[0.31612324714660645, 0.3717242479324341, 0.47841906547546387, 0.9123646020889282, 0.6571357250213623, 0.5461275577545166]], "lowlevel.spectral_centroid.mean": [0.428419291973114], "lowlevel.mfcc.mean": [[0.4719674587249756, 0.5561769604682922, 0.5311092138290405, 0.5040733218193054, 0.5764769315719604, 0.712752103805542, 0.7636929750442505, 0.6154945492744446, 0.15528714656829834, 0.6024433374404907, 0.834797739982605, 0.9360274076461792, 0.29102325439453125]], "sfx.logattacktime.mean": [0.19987422227859497], "lowlevel.hfc.mean": [0.487689733505249]}