{"lowlevel.dissonance.mean": [0.5332901477813721], "sfx.inharmonicity.mean": [0.2922860085964203], "lowlevel.spectral_contrast.mean": [[0.24815154075622559, 1.0310587882995605, 0.7523961067199707, 0.7128841876983643, 0.669283390045166, 0.484346866607666]], "lowlevel.spectral_centroid.mean": [0.4596855640411377], "lowlevel.mfcc.mean": [[0.5131611824035645, 0.1369214653968811, 0.22011351585388184, 0.3709326684474945, 0.35022053122520447, 0.13675713539123535, 0.32694968581199646, 0.34074872732162476, 0.6834534406661987, 0.5976492762565613, 1.1805490255355835, 1.312943696975708, 1.0101920366287231]], "sfx.logattacktime.mean": [0.41628435254096985], "lowlevel.hfc.mean": [0.4676641821861267]}