{"lowlevel.dissonance.mean": [0.2997485399246216], "sfx.inharmonicity.mean": [0.33154699206352234], "lowlevel.spectral_contrast.mean": [[0.49426329135894775, 1.3370805978775024, 1.2436684370040894, 1.1533925533294678, 1.183287501335144, 0.6492788791656494]], "lowlevel.spectral_centroid.mean": [0.36835089325904846], "lowlevel.mfcc.mean": [[0.5701804161071777, 0.3174980878829956, 0.08391264081001282, 0.6400232315063477, 0.3462703227996826, -0.11566424369812012, 0.30191200971603394, 0.5801770091056824, 0.443325936794281, 0.7715730667114258, 1.2137842178344727, 1.648605465888977, 1.807878851890564]], "sfx.logattacktime.mean": [0.5496565103530884], "lowlevel.hfc.mean": [0.5017019510269165]}