{"lowlevel.dissonance.mean": [0.27540016174316406], "sfx.inharmonicity.mean": [0.4677524268627167], "lowlevel.spectral_contrast.mean": [[0.4235929250717163, 0.9594358205795288, 0.9311240911483765, 0.7319709062576294, 0.42708730697631836, 0.39620089530944824]], "lowlevel.spectral_centroid.mean": [0.4050867557525635], "lowlevel.mfcc.mean": [[0.5548950433731079, 0.42373839020729065, 0.39278411865234375, 0.21429343521595, 0.17431557178497314, 0.3248344659805298, 0.47198420763015747, 0.21749389171600342, 0.03314200043678284, 0.20969238877296448, 0.36159488558769226, 0.601831316947937, 0.5418985486030579]], "sfx.logattacktime.mean": [0.37645822763442993], "lowlevel.hfc.mean": [0.4663187563419342]}