{"lowlevel.dissonance.mean": [-0.19847768545150757], "sfx.inharmonicity.mean": [0.434670090675354], "lowlevel.spectral_contrast.mean": [[0.25911593437194824, 0.12449312210083008, 1.91409170627594, 0.5352029800415039, 0.2891080379486084, 0.4826028347015381]], "lowlevel.spectral_centroid.mean": [0.4086160659790039], "lowlevel.mfcc.mean": [[0.2289416790008545, 0.4206954538822174, 0.3001869022846222, -0.23332881927490234, 0.03126567602157593, 0.7266263961791992, 1.4363762140274048, 1.5345258712768555, 0.8213137984275818, -0.47524380683898926, -1.1444122791290283, -0.3340427279472351, 1.3803462982177734]], "sfx.logattacktime.mean": [0.46225133538246155], "lowlevel.hfc.mean": [0.49894043803215027]}