{"lowlevel.dissonance.mean": [0.5273305177688599], "sfx.inharmonicity.mean": [0.3482688367366791], "lowlevel.spectral_contrast.mean": [[0.5011980533599854, 0.19581806659698486, 0.5758007764816284, 0.3792846202850342, 0.4115140438079834, 0.34276485443115234]], "lowlevel.spectral_centroid.mean": [0.3414881229400635], "lowlevel.mfcc.mean": [[0.1361929178237915, 0.2546938955783844, 0.5312384366989136, 0.5277541875839233, 0.6779624223709106, 0.805077314376831, 0.9551608562469482, 0.8768729567527771, 0.6783626079559326, 0.43351802229881287, 0.6307098865509033, 0.9779021739959717, 1.0965590476989746]], "sfx.logattacktime.mean": [0.25442731380462646], "lowlevel.hfc.mean": [0.4728519916534424]}