{"lowlevel.dissonance.mean": [0.012502431869506836], "sfx.inharmonicity.mean": [0.5050572156906128], "lowlevel.spectral_contrast.mean": [[0.660984456539154, 0.6496388912200928, 0.40515804290771484, 0.24689912796020508, 0.23265790939331055, 0.23905181884765625]], "lowlevel.spectral_centroid.mean": [0.31030625104904175], "lowlevel.mfcc.mean": [[0.19805550575256348, 0.5566062927246094, 0.9285663366317749, 0.8649007081985474, 0.8210967779159546, 0.6230913400650024, 0.5066269040107727, 0.38059869408607483, 0.35724809765815735, 0.2553727626800537, 0.22159871459007263, 0.17534571886062622, 0.2065700888633728]], "sfx.logattacktime.mean": [0.16754305362701416], "lowlevel.hfc.mean": [0.4661372900009155]}