{"lowlevel.dissonance.mean": [-0.16128522157669067], "sfx.inharmonicity.mean": [0.32014209032058716], "lowlevel.spectral_contrast.mean": [[0.7313162684440613, 1.1888251304626465, 1.0321569442749023, 0.8648407459259033, 0.46863818168640137, 0.40804028511047363]], "lowlevel.spectral_centroid.mean": [0.36064034700393677], "lowlevel.mfcc.mean": [[0.41465258598327637, 0.8204846382141113, 0.5199555158615112, -0.04373982548713684, 0.06013751029968262, 0.25871190428733826, 0.050744831562042236, -0.12260293960571289, 0.4760953485965729, 0.4736660122871399, 0.33216601610183716, 0.19316160678863525, -0.02860426902770996]], "sfx.logattacktime.mean": [0.41783130168914795], "lowlevel.hfc.mean": [0.4680647850036621]}