{"lowlevel.dissonance.mean": [0.5045583248138428], "sfx.inharmonicity.mean": [0.2603299617767334], "lowlevel.spectral_contrast.mean": [[0.7005746960639954, 1.2263820171356201, 1.0286113023757935, 0.8204450607299805, 0.45357298851013184, 0.3591933250427246]], "lowlevel.spectral_centroid.mean": [0.3485519587993622], "lowlevel.mfcc.mean": [[0.7050938606262207, 1.190110683441162, 0.5440378785133362, -0.026475965976715088, 0.06098178029060364, 0.08930781483650208, 0.2749033570289612, 0.16625839471817017, 0.1527179777622223, 1.0882458686828613, 0.8108527064323425, 0.3867926299571991, 0.719807505607605]], "sfx.logattacktime.mean": [0.49483975768089294], "lowlevel.hfc.mean": [0.5345166921615601]}