{"lowlevel.dissonance.mean": [0.5855532884597778], "sfx.inharmonicity.mean": [0.7581092119216919], "lowlevel.spectral_contrast.mean": [[0.424699068069458, 0.28587305545806885, 0.6877743005752563, 1.8221282958984375, 0.6729850769042969, 0.2340860366821289]], "lowlevel.spectral_centroid.mean": [0.4854835271835327], "lowlevel.mfcc.mean": [[0.20949780941009521, 0.2982930541038513, 0.18929201364517212, 0.14401930570602417, 0.8513922691345215, 1.1275676488876343, 0.7059068083763123, -0.16307127475738525, 0.11012241244316101, 1.4107153415679932, 1.3589239120483398, -0.2819245457649231, -0.43869346380233765]], "sfx.logattacktime.mean": [0.2129887342453003], "lowlevel.hfc.mean": [0.48656168580055237]}