{"lowlevel.dissonance.mean": [0.3122795820236206], "sfx.inharmonicity.mean": [0.6920759677886963], "lowlevel.spectral_contrast.mean": [[0.24575328826904297, 0.6235924959182739, 0.8102437257766724, 0.9448716640472412, 0.599694013595581, 0.5992510318756104]], "lowlevel.spectral_centroid.mean": [0.4184231162071228], "lowlevel.mfcc.mean": [[0.47681522369384766, 0.5711028575897217, 0.344882607460022, 0.3738084137439728, 0.3886197507381439, 0.5414183139801025, 0.7185522317886353, 0.6811724901199341, 0.4176415801048279, 0.6193733215332031, 0.8455510139465332, 0.7610011696815491, 0.07353860139846802]], "sfx.logattacktime.mean": [0.13267788290977478], "lowlevel.hfc.mean": [0.4750301241874695]}