{"lowlevel.dissonance.mean": [0.4920457601547241], "sfx.inharmonicity.mean": [0.4168112277984619], "lowlevel.spectral_contrast.mean": [[0.5693726539611816, 0.5180181264877319, 0.8516325950622559, 0.6437714099884033, 0.5147826671600342, 0.5088555812835693]], "lowlevel.spectral_centroid.mean": [0.40600723028182983], "lowlevel.mfcc.mean": [[0.5967566967010498, 0.5716019868850708, 0.48211830854415894, 0.31870925426483154, 0.3351423740386963, 0.4665553569793701, 0.5196314454078674, 0.5748409628868103, 0.44111210107803345, 0.39546874165534973, 0.5053244829177856, 0.3433089852333069, 0.2117699384689331]], "sfx.logattacktime.mean": [0.3689359426498413], "lowlevel.hfc.mean": [0.47678837180137634]}