{"lowlevel.dissonance.mean": [0.09234178066253662], "sfx.inharmonicity.mean": [0.539768636226654], "lowlevel.spectral_contrast.mean": [[0.30606555938720703, 0.2597367763519287, 1.5291519165039062, 1.0547559261322021, 0.45325374603271484, 0.335101842880249]], "lowlevel.spectral_centroid.mean": [0.40626782178878784], "lowlevel.mfcc.mean": [[0.25509166717529297, 0.2911398410797119, 0.057021111249923706, -0.007887125015258789, 0.3785926103591919, 0.6246401071548462, 0.756262481212616, 0.7780629396438599, 1.02406907081604, 1.015820860862732, 0.35802698135375977, -0.631375789642334, -0.6014400720596313]], "sfx.logattacktime.mean": [0.3063393235206604], "lowlevel.hfc.mean": [0.46956461668014526]}