{"lowlevel.dissonance.mean": [0.37824511528015137], "sfx.inharmonicity.mean": [0.5837185978889465], "lowlevel.spectral_contrast.mean": [[0.1501452922821045, 0.44617223739624023, 0.3936336040496826, 1.808530569076538, 0.7130653858184814, 0.2735934257507324]], "lowlevel.spectral_centroid.mean": [0.45261913537979126], "lowlevel.mfcc.mean": [[0.3572033643722534, 0.4490843415260315, 0.010155260562896729, -0.2871468663215637, 0.32797276973724365, 0.8679717779159546, 0.8323176503181458, 0.3216770589351654, -0.15690922737121582, 0.23900404572486877, 1.4094502925872803, 1.6477173566818237, 0.3432743549346924]], "sfx.logattacktime.mean": [0.40612003207206726], "lowlevel.hfc.mean": [0.5576099753379822]}