{"lowlevel.dissonance.mean": [0.36247384548187256], "sfx.inharmonicity.mean": [0.20204704999923706], "lowlevel.spectral_contrast.mean": [[0.7055743336677551, 0.4485355615615845, 0.47563791275024414, 0.3790290355682373, 0.3568568229675293, 0.35848116874694824]], "lowlevel.spectral_centroid.mean": [0.3227882385253906], "lowlevel.mfcc.mean": [[0.47155678272247314, 0.6751694679260254, 0.6780292391777039, 0.6680673360824585, 0.631447970867157, 0.6311489939689636, 0.5659607648849487, 0.5303199291229248, 0.5080711245536804, 0.3257523775100708, 0.23751723766326904, 0.12309527397155762, 0.09593641757965088]], "sfx.logattacktime.mean": [0.2413826286792755], "lowlevel.hfc.mean": [0.46982342004776]}