{"lowlevel.dissonance.mean": [-0.2669525742530823], "sfx.inharmonicity.mean": [0.3733401298522949], "lowlevel.spectral_contrast.mean": [[0.705467164516449, 1.1442184448242188, 0.745733380317688, 0.7731328010559082, 0.4000523090362549, 0.31929707527160645]], "lowlevel.spectral_centroid.mean": [0.3429732620716095], "lowlevel.mfcc.mean": [[0.3986072540283203, 0.8509911298751831, 0.6365614533424377, 0.1484447717666626, 0.3474825620651245, 0.286194384098053, -0.01180809736251831, -0.2490491271018982, -0.043651700019836426, 0.3123822510242462, 0.5750715136528015, 0.5856161713600159, 0.7232279777526855]], "sfx.logattacktime.mean": [0.37291765213012695], "lowlevel.hfc.mean": [0.46999502182006836]}