{"lowlevel.dissonance.mean": [0.3088947534561157], "sfx.inharmonicity.mean": [0.42898592352867126], "lowlevel.spectral_contrast.mean": [[0.41636383533477783, 1.0287328958511353, 0.9396908283233643, 0.8847411870956421, 0.49797654151916504, 0.4314727783203125]], "lowlevel.spectral_centroid.mean": [0.3979869782924652], "lowlevel.mfcc.mean": [[0.5637573003768921, 0.3982747793197632, 0.33957797288894653, 0.17325541377067566, 0.19103485345840454, 0.4000205993652344, 0.37415260076522827, -0.01690983772277832, 0.10153505206108093, 0.27706676721572876, 0.6453851461410522, 0.7494457960128784, 1.0060956478118896]], "sfx.logattacktime.mean": [0.37391340732574463], "lowlevel.hfc.mean": [0.46654656529426575]}