{"lowlevel.dissonance.mean": [-0.4890844225883484], "sfx.inharmonicity.mean": [0.6005499958992004], "lowlevel.spectral_contrast.mean": [[0.581466794013977, 1.3802735805511475, 1.355518102645874, 0.6688539981842041, 0.3885655403137207, 0.3392293453216553]], "lowlevel.spectral_centroid.mean": [0.3587595522403717], "lowlevel.mfcc.mean": [[0.6073415279388428, 1.1482704877853394, 0.5767662525177002, -0.15243512392044067, -0.2551148533821106, -0.1325882077217102, 0.21036633849143982, 0.5310810804367065, 0.7078962326049805, 0.9501314759254456, 0.7965526580810547, 0.6525541543960571, 0.9758134484291077]], "sfx.logattacktime.mean": [0.5468034744262695], "lowlevel.hfc.mean": [0.512457549571991]}