{"lowlevel.dissonance.mean": [-0.053465962409973145], "sfx.inharmonicity.mean": [0.27194005250930786], "lowlevel.spectral_contrast.mean": [[0.4066580533981323, 1.2924786806106567, 1.5199309587478638, 1.0774708986282349, 1.2813172340393066, 0.35886645317077637]], "lowlevel.spectral_centroid.mean": [0.4225042462348938], "lowlevel.mfcc.mean": [[0.2938978672027588, 0.35006678104400635, 0.13076668977737427, -0.03917586803436279, 0.2244434654712677, 0.42370498180389404, 0.490495890378952, 0.2867526412010193, 0.5081635117530823, 0.4772339165210724, 0.5222887396812439, 1.3580513000488281, 1.5820740461349487]], "sfx.logattacktime.mean": [0.20669510960578918], "lowlevel.hfc.mean": [0.4717269241809845]}