{"lowlevel.dissonance.mean": [0.3896641731262207], "sfx.inharmonicity.mean": [0.6627429723739624], "lowlevel.spectral_contrast.mean": [[0.11120271682739258, 0.31185388565063477, 0.33766674995422363, 1.7961809635162354, 0.4859902858734131, 0.18561553955078125]], "lowlevel.spectral_centroid.mean": [0.4541836380958557], "lowlevel.mfcc.mean": [[0.3131067752838135, 0.4333598017692566, 0.03215581178665161, -0.37615150213241577, 0.4547330439090729, 1.1229352951049805, 0.9893676042556763, 0.2248397171497345, -0.2430909276008606, 0.15824198722839355, 1.2268027067184448, 1.4933511018753052, 0.3489539623260498]], "sfx.logattacktime.mean": [0.40794989466667175], "lowlevel.hfc.mean": [0.5539581775665283]}