{"lowlevel.dissonance.mean": [0.5461834669113159], "sfx.inharmonicity.mean": [0.4233672618865967], "lowlevel.spectral_contrast.mean": [[0.2503446340560913, 0.23711001873016357, 1.0713750123977661, 0.6249854564666748, 0.9774272441864014, 0.7282063961029053]], "lowlevel.spectral_centroid.mean": [0.5680302977561951], "lowlevel.mfcc.mean": [[0.48477983474731445, 0.025523528456687927, 0.2264098823070526, 0.5743902325630188, 0.2746471166610718, 0.42656058073043823, 0.4186129868030548, 0.8742357492446899, 1.4053717851638794, 0.8255997896194458, 0.9571179151535034, 0.018171578645706177, -0.20242005586624146]], "sfx.logattacktime.mean": [0.3507060110569], "lowlevel.hfc.mean": [0.47039613127708435]}