{"lowlevel.dissonance.mean": [0.3173227310180664], "sfx.inharmonicity.mean": [1.3680713176727295], "lowlevel.spectral_contrast.mean": [[0.4002028703689575, 0.9742544889450073, 0.9352142810821533, 0.7485193014144897, 0.4300100803375244, 0.4015038013458252]], "lowlevel.spectral_centroid.mean": [0.4108923077583313], "lowlevel.mfcc.mean": [[0.561996579170227, 0.4047640562057495, 0.3935464322566986, 0.18081623315811157, 0.1762796938419342, 0.3234633803367615, 0.44726628065109253, 0.11146289110183716, 0.0330737829208374, 0.19002866744995117, 0.4212801456451416, 0.6017093658447266, 0.6404701471328735]], "sfx.logattacktime.mean": [0.3748990297317505], "lowlevel.hfc.mean": [0.4664580523967743]}