{"lowlevel.dissonance.mean": [0.4747394323348999], "sfx.inharmonicity.mean": [0.29878729581832886], "lowlevel.spectral_contrast.mean": [[0.46167993545532227, 0.48530399799346924, 0.42173218727111816, 0.31473469734191895, 0.31665539741516113, 0.299915075302124]], "lowlevel.spectral_centroid.mean": [0.31965434551239014], "lowlevel.mfcc.mean": [[0.1821451187133789, 0.4094023108482361, 0.6653554439544678, 0.5701611042022705, 0.564720869064331, 0.5377064347267151, 0.6873524785041809, 0.8237825632095337, 0.8922754526138306, 0.8277207612991333, 0.8642405271530151, 0.8611605763435364, 0.7001619338989258]], "sfx.logattacktime.mean": [0.26214471459388733], "lowlevel.hfc.mean": [0.47121408581733704]}