{"lowlevel.dissonance.mean": [0.6449251174926758], "sfx.inharmonicity.mean": [0.663916826248169], "lowlevel.spectral_contrast.mean": [[0.5856298208236694, 0.2703208923339844, 0.34943127632141113, 1.245396375656128, 1.2768733501434326, 0.9068477153778076]], "lowlevel.spectral_centroid.mean": [0.5981595516204834], "lowlevel.mfcc.mean": [[0.462857723236084, 0.10201739519834518, 0.3258642554283142, 0.5649949908256531, 0.4567679762840271, 0.704520046710968, 0.8852667808532715, 0.5477135181427002, 0.224035382270813, 0.08422458171844482, 1.5893018245697021, 1.6590405702590942, 0.27594050765037537]], "sfx.logattacktime.mean": [0.556512176990509], "lowlevel.hfc.mean": [0.4857431948184967]}