{"lowlevel.dissonance.mean": [0.06336450576782227], "sfx.inharmonicity.mean": [0.2668246626853943], "lowlevel.spectral_contrast.mean": [[0.6202555298805237, 0.45627880096435547, 0.3258481025695801, 0.2358720302581787, 0.22119140625, 0.24210524559020996]], "lowlevel.spectral_centroid.mean": [0.303579181432724], "lowlevel.mfcc.mean": [[0.19991350173950195, 0.5838834047317505, 1.014180064201355, 1.0145601034164429, 1.0146255493164062, 0.8497648239135742, 0.7500806450843811, 0.617345929145813, 0.5696138739585876, 0.4799070954322815, 0.46088963747024536, 0.4176150858402252, 0.4189058840274811]], "sfx.logattacktime.mean": [0.2121366262435913], "lowlevel.hfc.mean": [0.4666039049625397]}