{"lowlevel.dissonance.mean": [0.33631038665771484], "sfx.inharmonicity.mean": [1.3589438199996948], "lowlevel.spectral_contrast.mean": [[0.25394725799560547, 1.0693832635879517, 1.2310069799423218, 0.8341904878616333, 0.713148832321167, 0.5281431674957275]], "lowlevel.spectral_centroid.mean": [0.4140840768814087], "lowlevel.mfcc.mean": [[0.5019056797027588, 0.3374096751213074, 0.21410226821899414, 0.38501548767089844, 0.18382877111434937, 0.30449581146240234, 0.3903980553150177, 0.1953134536743164, 0.15879955887794495, 0.23124006390571594, 0.1929033100605011, 0.2666812539100647, 0.6653726100921631]], "sfx.logattacktime.mean": [0.5163567066192627], "lowlevel.hfc.mean": [0.467989981174469]}