{"lowlevel.dissonance.mean": [0.11399877071380615], "sfx.inharmonicity.mean": [0.584766685962677], "lowlevel.spectral_contrast.mean": [[0.33789634704589844, 1.103661060333252, 1.348934531211853, 1.12942373752594, 0.4885995388031006, 0.4027419090270996]], "lowlevel.spectral_centroid.mean": [0.39273780584335327], "lowlevel.mfcc.mean": [[0.2763950824737549, 0.35106393694877625, 0.03656351566314697, 0.05591988563537598, 0.27335864305496216, 0.2883955240249634, 0.6330758333206177, 0.502322793006897, 0.8265928626060486, 1.5455050468444824, 1.47514009475708, 0.5870768427848816, -0.11166900396347046]], "sfx.logattacktime.mean": [0.6581621766090393], "lowlevel.hfc.mean": [0.4669269025325775]}