{"lowlevel.dissonance.mean": [0.4901890754699707], "sfx.inharmonicity.mean": [0.3910028338432312], "lowlevel.spectral_contrast.mean": [[0.6927132606506348, 1.14932119846344, 1.2018218040466309, 0.6842260360717773, 0.38261842727661133, 0.3663210868835449]], "lowlevel.spectral_centroid.mean": [0.3625966012477875], "lowlevel.mfcc.mean": [[0.651108980178833, 1.196606993675232, 0.6325986385345459, -0.11678552627563477, -0.24169838428497314, -0.08681529760360718, 0.2942301332950592, 0.39077895879745483, 0.7138176560401917, 0.6793928146362305, 0.5823541283607483, 0.40554434061050415, 0.6066431403160095]], "sfx.logattacktime.mean": [0.4749627113342285], "lowlevel.hfc.mean": [0.5328109264373779]}