{"lowlevel.dissonance.mean": [0.6990534067153931], "sfx.inharmonicity.mean": [0.7449854612350464], "lowlevel.spectral_contrast.mean": [[0.27966630458831787, 0.2148120403289795, 0.2593193054199219, 1.7445828914642334, 1.2505218982696533, 0.6415321826934814]], "lowlevel.spectral_centroid.mean": [0.4974444508552551], "lowlevel.mfcc.mean": [[0.3101273775100708, 0.03895988315343857, 0.03968095779418945, 0.4673909544944763, 0.6302690505981445, 0.904568612575531, 0.6060542464256287, 0.126946359872818, -0.1655341386795044, 1.4686142206192017, 1.9577255249023438, -0.5960747003555298, -0.5807088613510132]], "sfx.logattacktime.mean": [0.4868202209472656], "lowlevel.hfc.mean": [0.5120024681091309]}