{"lowlevel.dissonance.mean": [-0.7893728613853455], "sfx.inharmonicity.mean": [0.2658829987049103], "lowlevel.spectral_contrast.mean": [[0.4762154817581177, 1.5436259508132935, 0.9585509300231934, 0.5687947273254395, 0.44087958335876465, 0.2872602939605713]], "lowlevel.spectral_centroid.mean": [0.3657664358615875], "lowlevel.mfcc.mean": [[0.1888662576675415, 0.38127291202545166, 0.5396572351455688, 0.3239321708679199, 0.162918359041214, -0.022460877895355225, 0.0959310531616211, 0.6072437763214111, 1.2377207279205322, 1.5072964429855347, 1.289116382598877, 0.6550799608230591, 0.0692918598651886]], "sfx.logattacktime.mean": [0.2466941475868225], "lowlevel.hfc.mean": [0.47113707661628723]}