{"lowlevel.dissonance.mean": [0.587234616279602], "sfx.inharmonicity.mean": [0.42651262879371643], "lowlevel.spectral_contrast.mean": [[0.26211321353912354, 0.9918713569641113, 0.5352180004119873, 0.804302453994751, 0.909198522567749, 0.6268894672393799]], "lowlevel.spectral_centroid.mean": [0.5292372703552246], "lowlevel.mfcc.mean": [[0.5045757293701172, 0.10098855197429657, 0.16893616318702698, 0.49490678310394287, 0.3630571663379669, 0.1665685474872589, 0.3591896891593933, 0.17230305075645447, 1.155287742614746, 1.4649813175201416, 0.9066237807273865, 1.2745139598846436, 0.8364872932434082]], "sfx.logattacktime.mean": [0.34125417470932007], "lowlevel.hfc.mean": [0.469184547662735]}