{"lowlevel.dissonance.mean": [0.34249186515808105], "sfx.inharmonicity.mean": [0.23263302445411682], "lowlevel.spectral_contrast.mean": [[0.5337371826171875, 0.6530048847198486, 0.44692301750183105, 0.3539459705352783, 0.33606386184692383, 0.32582664489746094]], "lowlevel.spectral_centroid.mean": [0.32035860419273376], "lowlevel.mfcc.mean": [[0.23170340061187744, 0.45145490765571594, 0.5968335270881653, 0.581070065498352, 0.5420591235160828, 0.4212430417537689, 0.45087990164756775, 0.4010160565376282, 0.4081974923610687, 0.31209737062454224, 0.3205448389053345, 0.39753052592277527, 0.5101900696754456]], "sfx.logattacktime.mean": [0.27630510926246643], "lowlevel.hfc.mean": [0.47067397832870483]}