{"lowlevel.dissonance.mean": [0.49281585216522217], "sfx.inharmonicity.mean": [0.2517780661582947], "lowlevel.spectral_contrast.mean": [[0.5572502613067627, 0.27187585830688477, 0.55202317237854, 0.483445405960083, 0.39536094665527344, 0.35933470726013184]], "lowlevel.spectral_centroid.mean": [0.3212156295776367], "lowlevel.mfcc.mean": [[0.21014738082885742, 0.3613271713256836, 0.5921876430511475, 0.5798094868659973, 0.59052973985672, 0.6047806739807129, 0.749423623085022, 0.8819608688354492, 0.9233015179634094, 0.9569211006164551, 0.8134565949440002, 0.5778835415840149, 0.44351911544799805]], "sfx.logattacktime.mean": [0.2592269480228424], "lowlevel.hfc.mean": [0.47338274121284485]}