{"lowlevel.dissonance.mean": [0.5348984003067017], "sfx.inharmonicity.mean": [1.4650198221206665], "lowlevel.spectral_contrast.mean": [[0.5516618490219116, 0.29006147384643555, 1.26114022731781, 1.3763986825942993, 1.3637542724609375, 1.0153768062591553]], "lowlevel.spectral_centroid.mean": [0.5286386013031006], "lowlevel.mfcc.mean": [[0.5539389848709106, 0.09884287416934967, 0.21961748600006104, 0.6478903889656067, 0.16464444994926453, 0.2860431671142578, 0.652630090713501, 0.5856759548187256, 1.2184052467346191, 1.1984753608703613, 1.1645758152008057, 1.2336721420288086, 0.09582865238189697]], "sfx.logattacktime.mean": [0.5212017893791199], "lowlevel.hfc.mean": [0.487779825925827]}