{"lowlevel.dissonance.mean": [0.4561581611633301], "sfx.inharmonicity.mean": [0.2876206636428833], "lowlevel.spectral_contrast.mean": [[0.4856247901916504, 0.5318937301635742, 0.33010363578796387, 0.5120747089385986, 0.40102529525756836, 0.34163522720336914]], "lowlevel.spectral_centroid.mean": [0.33194825053215027], "lowlevel.mfcc.mean": [[0.20486235618591309, 0.35730665922164917, 0.5466258525848389, 0.5414927005767822, 0.5361112356185913, 0.5071544647216797, 0.6335767507553101, 0.7513924837112427, 0.857324481010437, 0.915725827217102, 1.0497169494628906, 0.9570451974868774, 0.677538275718689]], "sfx.logattacktime.mean": [0.28015077114105225], "lowlevel.hfc.mean": [0.4702111780643463]}