{"lowlevel.dissonance.mean": [0.7233988046646118], "sfx.inharmonicity.mean": [0.6152814626693726], "lowlevel.spectral_contrast.mean": [[0.317905068397522, 0.22638154029846191, 0.2847557067871094, 1.6554901599884033, 1.3247008323669434, 0.6311471462249756]], "lowlevel.spectral_centroid.mean": [0.5507600903511047], "lowlevel.mfcc.mean": [[0.3476216793060303, -0.0199747234582901, 0.08803179860115051, 0.475090354681015, 0.8697280883789062, 0.585411012172699, 0.4592024087905884, -0.11735433340072632, 0.851776123046875, 2.0318803787231445, -0.041283607482910156, -0.9205834865570068, 1.6216111183166504]], "sfx.logattacktime.mean": [0.36948660016059875], "lowlevel.hfc.mean": [0.5272586941719055]}