{"lowlevel.dissonance.mean": [-0.11517190933227539], "sfx.inharmonicity.mean": [0.3869514465332031], "lowlevel.spectral_contrast.mean": [[0.1977616548538208, 0.13215851783752441, 1.916033387184143, 0.6754554510116577, 0.28616762161254883, 0.36987948417663574]], "lowlevel.spectral_centroid.mean": [0.41069382429122925], "lowlevel.mfcc.mean": [[0.24502849578857422, 0.4222232699394226, 0.2435973733663559, -0.2738860845565796, 0.075418621301651, 0.7345894575119019, 1.3627980947494507, 1.496368169784546, 0.93229079246521, -0.37369388341903687, -1.194732904434204, -0.3583546280860901, 1.5231267213821411]], "sfx.logattacktime.mean": [0.512968897819519], "lowlevel.hfc.mean": [0.5082522034645081]}