{"lowlevel.dissonance.mean": [0.41396188735961914], "sfx.inharmonicity.mean": [0.30435535311698914], "lowlevel.spectral_contrast.mean": [[0.5717382431030273, 1.1185588836669922, 0.54475998878479, 1.3771077394485474, 1.3139705657958984, 0.719435453414917]], "lowlevel.spectral_centroid.mean": [0.4823698401451111], "lowlevel.mfcc.mean": [[0.5989687442779541, 0.24938175082206726, 0.029582202434539795, 0.6299484968185425, 0.315873384475708, 0.08459889888763428, 0.5449953675270081, 0.4501672089099884, 0.537350058555603, 1.1501400470733643, 1.31904935836792, 1.285534381866455, 1.0058497190475464]], "sfx.logattacktime.mean": [0.5619018077850342], "lowlevel.hfc.mean": [0.4834268093109131]}