{"lowlevel.dissonance.mean": [0.4006049633026123], "sfx.inharmonicity.mean": [0.731277585029602], "lowlevel.spectral_contrast.mean": [[0.20164108276367188, 0.30161893367767334, 0.31501340866088867, 1.7545483112335205, 0.49955296516418457, 0.1701056957244873]], "lowlevel.spectral_centroid.mean": [0.45070314407348633], "lowlevel.mfcc.mean": [[0.28854596614837646, 0.40250012278556824, 0.10325464606285095, -0.21227657794952393, 0.5200467109680176, 1.141052007675171, 1.0819134712219238, 0.3023746609687805, -0.26019084453582764, 0.12775138020515442, 1.266786813735962, 1.5658800601959229, 0.3580201268196106]], "sfx.logattacktime.mean": [0.31907176971435547], "lowlevel.hfc.mean": [0.5170766711235046]}