{"lowlevel.dissonance.mean": [0.20808231830596924], "sfx.inharmonicity.mean": [0.2770761251449585], "lowlevel.spectral_contrast.mean": [[0.5342810153961182, 0.8597973585128784, 0.6525216102600098, 0.4285092353820801, 0.3726019859313965, 0.3466775417327881]], "lowlevel.spectral_centroid.mean": [0.34314432740211487], "lowlevel.mfcc.mean": [[0.42386794090270996, 0.750257134437561, 0.5643503069877625, 0.3020155429840088, 0.3480204641819, 0.4429921805858612, 0.48074576258659363, 0.4021448493003845, 0.37768372893333435, 0.16989460587501526, -0.026023387908935547, 0.0958598256111145, 0.24996164441108704]], "sfx.logattacktime.mean": [0.21182486414909363], "lowlevel.hfc.mean": [0.4778909683227539]}