{"lowlevel.dissonance.mean": [0.5526089668273926], "sfx.inharmonicity.mean": [0.9080672264099121], "lowlevel.spectral_contrast.mean": [[0.5279253721237183, 0.25036633014678955, 0.5534771680831909, 0.4477858543395996, 0.42950892448425293, 0.3705911636352539]], "lowlevel.spectral_centroid.mean": [0.32735881209373474], "lowlevel.mfcc.mean": [[0.20400452613830566, 0.32735568284988403, 0.5522716045379639, 0.5487493276596069, 0.5181140899658203, 0.5652711391448975, 0.7820413112640381, 0.9265245199203491, 0.9644991159439087, 0.8782541155815125, 0.8219465613365173, 0.6444510221481323, 0.4607025682926178]], "sfx.logattacktime.mean": [0.2715878486633301], "lowlevel.hfc.mean": [0.47111576795578003]}