{"lowlevel.dissonance.mean": [0.13424456119537354], "sfx.inharmonicity.mean": [0.3499275743961334], "lowlevel.spectral_contrast.mean": [[0.3557690382003784, 0.31077253818511963, 1.9297258853912354, 1.1155216693878174, 0.4523611068725586, 0.41089892387390137]], "lowlevel.spectral_centroid.mean": [0.41354650259017944], "lowlevel.mfcc.mean": [[0.2864595651626587, 0.4673326313495636, 0.1956307291984558, -0.2149485945701599, 0.2512345016002655, 0.7165118455886841, 1.105522871017456, 1.2549268007278442, 0.9550893306732178, -0.37695348262786865, -1.458765983581543, -0.632276177406311, 1.6154427528381348]], "sfx.logattacktime.mean": [0.3416212797164917], "lowlevel.hfc.mean": [0.5069122910499573]}