{"lowlevel.dissonance.mean": [0.2354944944381714], "sfx.inharmonicity.mean": [0.28393644094467163], "lowlevel.spectral_contrast.mean": [[0.4498687982559204, 0.7577396631240845, 0.5162924528121948, 0.3765101432800293, 0.3481624126434326, 0.3240218162536621]], "lowlevel.spectral_centroid.mean": [0.3207968473434448], "lowlevel.mfcc.mean": [[0.2745401859283447, 0.553681492805481, 0.7132524251937866, 0.616644024848938, 0.5131417512893677, 0.41158226132392883, 0.4913826584815979, 0.4787156581878662, 0.3925991952419281, 0.28976571559906006, 0.34699273109436035, 0.40142822265625, 0.5726966261863708]], "sfx.logattacktime.mean": [0.27448657155036926], "lowlevel.hfc.mean": [0.47215327620506287]}