{"lowlevel.dissonance.mean": [0.41193151473999023], "sfx.inharmonicity.mean": [0.32934167981147766], "lowlevel.spectral_contrast.mean": [[0.7856714129447937, 1.000536561012268, 1.1153773069381714, 0.9596898555755615, 0.7490549087524414, 0.47716236114501953]], "lowlevel.spectral_centroid.mean": [0.44028711318969727], "lowlevel.mfcc.mean": [[0.5346107482910156, 0.6361953616142273, -0.15616169571876526, -0.02448168396949768, 0.14783206582069397, 0.08528316020965576, 0.23858439922332764, 0.09243282675743103, 0.09874323010444641, 0.09298485517501831, 0.23415422439575195, 0.22131091356277466, 0.26536279916763306]], "sfx.logattacktime.mean": [0.4291582703590393], "lowlevel.hfc.mean": [0.4698244333267212]}