{"lowlevel.dissonance.mean": [0.5723140239715576], "sfx.inharmonicity.mean": [0.26514148712158203], "lowlevel.spectral_contrast.mean": [[0.5595552921295166, 0.23122143745422363, 0.5510247945785522, 0.37102651596069336, 0.4457087516784668, 0.3575141429901123]], "lowlevel.spectral_centroid.mean": [0.3287400007247925], "lowlevel.mfcc.mean": [[0.19134509563446045, 0.3211207389831543, 0.5999456644058228, 0.6218611598014832, 0.598513662815094, 0.6207515001296997, 0.8572890758514404, 0.9842538833618164, 0.9547313451766968, 0.8539050221443176, 0.7103055715560913, 0.43242600560188293, 0.4541231095790863]], "sfx.logattacktime.mean": [0.26434457302093506], "lowlevel.hfc.mean": [0.470184862613678]}