{"lowlevel.dissonance.mean": [0.010454893112182617], "sfx.inharmonicity.mean": [0.44985637068748474], "lowlevel.spectral_contrast.mean": [[0.23376119136810303, 0.24532842636108398, 1.8718054294586182, 1.1191116571426392, 0.3645460605621338, 0.28330445289611816]], "lowlevel.spectral_centroid.mean": [0.4216490387916565], "lowlevel.mfcc.mean": [[0.26817595958709717, 0.39683157205581665, 0.16022485494613647, -0.21246951818466187, 0.17566677927970886, 0.6269758343696594, 1.0736417770385742, 1.227407693862915, 0.9394202828407288, -0.24937313795089722, -1.322854995727539, -0.5749087333679199, 1.7070127725601196]], "sfx.logattacktime.mean": [0.4785679280757904], "lowlevel.hfc.mean": [0.5011839270591736]}