{"lowlevel.dissonance.mean": [0.34603798389434814], "sfx.inharmonicity.mean": [0.2335267812013626], "lowlevel.spectral_contrast.mean": [[0.5364092588424683, 0.6844598054885864, 0.5161893367767334, 0.40344810485839844, 0.3583376407623291, 0.33127903938293457]], "lowlevel.spectral_centroid.mean": [0.31917864084243774], "lowlevel.mfcc.mean": [[0.25067710876464844, 0.48578840494155884, 0.6376903653144836, 0.5828133821487427, 0.5833711624145508, 0.5192610025405884, 0.5552470088005066, 0.5316068530082703, 0.4735645651817322, 0.420796275138855, 0.5345889925956726, 0.6036992073059082, 0.7790062427520752]], "sfx.logattacktime.mean": [0.2757832407951355], "lowlevel.hfc.mean": [0.4761560261249542]}