{"lowlevel.dissonance.mean": [0.10698473453521729], "sfx.inharmonicity.mean": [1.5851004123687744], "lowlevel.spectral_contrast.mean": [[0.2185056209564209, 0.17648255825042725, 1.6155953407287598, 1.5040090084075928, 0.4841287136077881, 0.3680872917175293]], "lowlevel.spectral_centroid.mean": [0.4055711030960083], "lowlevel.mfcc.mean": [[0.35699594020843506, 0.43987780809402466, -0.08958253264427185, -0.1437106728553772, 0.22282961010932922, 0.36767977476119995, 0.5589079856872559, 0.5402564406394958, 1.0513522624969482, 1.448533058166504, 1.3868870735168457, 0.7683438658714294, -0.6101819276809692]], "sfx.logattacktime.mean": [0.42373037338256836], "lowlevel.hfc.mean": [0.496925413608551]}