{"lowlevel.dissonance.mean": [0.3484121561050415], "sfx.inharmonicity.mean": [0.3479537069797516], "lowlevel.spectral_contrast.mean": [[0.5319478511810303, 0.3120619058609009, 1.5583016872406006, 0.9094185829162598, 1.4422338008880615, 1.0662941932678223]], "lowlevel.spectral_centroid.mean": [0.4673452377319336], "lowlevel.mfcc.mean": [[0.5613436698913574, 0.11166888475418091, 0.2702261209487915, 0.569585919380188, 0.20127952098846436, 0.27982571721076965, 1.0270376205444336, 1.1351358890533447, 0.7105778455734253, 0.6716633439064026, -0.06744468212127686, -0.09592556953430176, 0.7223851084709167]], "sfx.logattacktime.mean": [0.5619683265686035], "lowlevel.hfc.mean": [0.5562861561775208]}