{"lowlevel.dissonance.mean": [0.4472815990447998], "sfx.inharmonicity.mean": [0.23126715421676636], "lowlevel.spectral_contrast.mean": [[0.582107663154602, 0.41715502738952637, 0.3669862747192383, 0.31516003608703613, 0.3123300075531006, 0.31943798065185547]], "lowlevel.spectral_centroid.mean": [0.32140159606933594], "lowlevel.mfcc.mean": [[0.23467648029327393, 0.4697951376438141, 0.6299104690551758, 0.6197711825370789, 0.5938075184822083, 0.47410860657691956, 0.5442483425140381, 0.5053407549858093, 0.49784424901008606, 0.3825039863586426, 0.3145957589149475, 0.3650190234184265, 0.44319388270378113]], "sfx.logattacktime.mean": [0.27481237053871155], "lowlevel.hfc.mean": [0.4701138436794281]}