{"lowlevel.dissonance.mean": [-0.25948190689086914], "sfx.inharmonicity.mean": [0.30493831634521484], "lowlevel.spectral_contrast.mean": [[0.6807730793952942, 1.031657099723816, 0.6792136430740356, 0.6774328947067261, 0.37291526794433594, 0.3341183662414551]], "lowlevel.spectral_centroid.mean": [0.3422931432723999], "lowlevel.mfcc.mean": [[0.4132208824157715, 0.8940856456756592, 0.6664252281188965, 0.09355619549751282, 0.27696722745895386, 0.3220875859260559, 0.05962580442428589, -0.09467613697052002, 0.3234625458717346, 0.5866092443466187, 0.5479444265365601, 0.5640760064125061, 0.8182170391082764]], "sfx.logattacktime.mean": [0.47805893421173096], "lowlevel.hfc.mean": [0.47262638807296753]}