{"lowlevel.dissonance.mean": [0.6289767026901245], "sfx.inharmonicity.mean": [0.6627328395843506], "lowlevel.spectral_contrast.mean": [[0.19816851615905762, 0.27643442153930664, 0.39571917057037354, 0.4052748680114746, 0.5274953842163086, 0.41427040100097656]], "lowlevel.spectral_centroid.mean": [0.49915599822998047], "lowlevel.mfcc.mean": [[0.19487810134887695, 0.3263394832611084, 0.34506964683532715, 0.49924424290657043, 0.9338945150375366, 0.8790448904037476, 0.596811830997467, 0.5167059302330017, 0.7659696340560913, 0.3441445529460907, 0.3519066572189331, 0.7557960748672485, 0.47513851523399353]], "sfx.logattacktime.mean": [0.2515735626220703], "lowlevel.hfc.mean": [0.46508195996284485]}