{"lowlevel.dissonance.mean": [0.041098713874816895], "sfx.inharmonicity.mean": [0.25443992018699646], "lowlevel.spectral_contrast.mean": [[0.5558931827545166, 0.8046729564666748, 0.538622260093689, 0.6076781749725342, 0.38433241844177246, 0.32268786430358887]], "lowlevel.spectral_centroid.mean": [0.35346969962120056], "lowlevel.mfcc.mean": [[0.38037800788879395, 0.8422578573226929, 0.6831234693527222, 0.15459802746772766, 0.3420206308364868, 0.36927515268325806, 0.21053218841552734, 0.20500510931015015, 0.5105863809585571, 0.6517642736434937, 0.6932885050773621, 0.7179027795791626, 0.7798689603805542]], "sfx.logattacktime.mean": [0.37534505128860474], "lowlevel.hfc.mean": [0.4715840816497803]}