{"lowlevel.dissonance.mean": [0.5336918830871582], "sfx.inharmonicity.mean": [0.5129806995391846], "lowlevel.spectral_contrast.mean": [[0.22672486305236816, 0.2469245195388794, 1.1037436723709106, 0.5429701805114746, 0.9405274391174316, 0.8206324577331543]], "lowlevel.spectral_centroid.mean": [0.5788389444351196], "lowlevel.mfcc.mean": [[0.5005459785461426, 0.02600345015525818, 0.20865803956985474, 0.6122454404830933, 0.09989011287689209, 0.39575648307800293, 0.4305252432823181, 1.2164864540100098, 1.524756669998169, 0.6139718890190125, 0.6109093427658081, -0.011371403932571411, -0.47162556648254395]], "sfx.logattacktime.mean": [0.3544312119483948], "lowlevel.hfc.mean": [0.4704767167568207]}