{"lowlevel.dissonance.mean": [-0.07677030563354492], "sfx.inharmonicity.mean": [0.26532453298568726], "lowlevel.spectral_contrast.mean": [[0.4230273962020874, 1.3360565900802612, 1.3605033159255981, 0.7827801704406738, 1.3414939641952515, 0.4980325698852539]], "lowlevel.spectral_centroid.mean": [0.39972352981567383], "lowlevel.mfcc.mean": [[0.279927134513855, 0.3129904866218567, 0.22803355753421783, 0.1446385681629181, 0.14747345447540283, 0.20692375302314758, 0.29972758889198303, 0.4364902973175049, 0.6414496898651123, 0.386006236076355, 0.5209632515907288, 1.4626556634902954, 1.5474408864974976]], "sfx.logattacktime.mean": [0.15433108806610107], "lowlevel.hfc.mean": [0.46845534443855286]}