{"lowlevel.dissonance.mean": [0.42290961742401123], "sfx.inharmonicity.mean": [0.44460630416870117], "lowlevel.spectral_contrast.mean": [[0.5659580230712891, 0.5754756927490234, 0.9850760698318481, 0.6431369781494141, 0.5942287445068359, 0.5667433738708496]], "lowlevel.spectral_centroid.mean": [0.39385831356048584], "lowlevel.mfcc.mean": [[0.6893227100372314, 0.7170380353927612, 0.4846411645412445, 0.3325658440589905, 0.2469473034143448, 0.3853141963481903, 0.46669328212738037, 0.6229705214500427, 0.5169435739517212, 0.3984109163284302, 0.5552985072135925, 0.4522303342819214, 0.34016215801239014]], "sfx.logattacktime.mean": [0.38447386026382446], "lowlevel.hfc.mean": [0.47956085205078125]}