{"lowlevel.dissonance.mean": [0.47878754138946533], "sfx.inharmonicity.mean": [0.4509255588054657], "lowlevel.spectral_contrast.mean": [[0.310713529586792, 0.2462691068649292, 1.5050139427185059, 0.4199528694152832, 1.1450750827789307, 0.3778071403503418]], "lowlevel.spectral_centroid.mean": [0.4477536678314209], "lowlevel.mfcc.mean": [[0.3213604688644409, 0.24747350811958313, -0.12607470154762268, 0.078950434923172, 0.5327311754226685, 0.6818131804466248, 0.9317128658294678, 1.089214563369751, 0.4484507739543915, -0.25592607259750366, -0.2778831720352173, 1.014792799949646, 2.2292957305908203]], "sfx.logattacktime.mean": [0.47963154315948486], "lowlevel.hfc.mean": [0.4764558672904968]}