{"lowlevel.dissonance.mean": [0.4010523557662964], "sfx.inharmonicity.mean": [0.35143136978149414], "lowlevel.spectral_contrast.mean": [[0.6372648477554321, 0.9335498809814453, 0.9627232551574707, 0.7020372152328491, 0.4128453731536865, 0.41209840774536133]], "lowlevel.spectral_centroid.mean": [0.39618992805480957], "lowlevel.mfcc.mean": [[0.5404282808303833, 0.39032799005508423, 0.3033409118652344, 0.13282239437103271, 0.1492995321750641, 0.3750339150428772, 0.4270959198474884, 0.19619545340538025, 0.35547158122062683, 0.28371793031692505, 0.18169063329696655, 0.018329590559005737, 0.1292804777622223]], "sfx.logattacktime.mean": [0.3506318926811218], "lowlevel.hfc.mean": [0.4665040373802185]}