{"lowlevel.dissonance.mean": [-0.3297039270401001], "sfx.inharmonicity.mean": [0.2570173144340515], "lowlevel.spectral_contrast.mean": [[0.6253795027732849, 1.3179192543029785, 0.9313851594924927, 0.6809771060943604, 0.41000843048095703, 0.3803722858428955]], "lowlevel.spectral_centroid.mean": [0.3442017734050751], "lowlevel.mfcc.mean": [[0.4065312147140503, 0.8352532386779785, 0.6179315447807312, 0.11437159776687622, 0.14300447702407837, 0.16623029112815857, -0.08854860067367554, -0.1936321258544922, 0.3179919719696045, 0.34091389179229736, 0.5490085482597351, 0.8744673728942871, 0.6953523755073547]], "sfx.logattacktime.mean": [0.47987011075019836], "lowlevel.hfc.mean": [0.48732203245162964]}