{"lowlevel.dissonance.mean": [0.6047104597091675], "sfx.inharmonicity.mean": [0.3850651979446411], "lowlevel.spectral_contrast.mean": [[0.49441373348236084, 0.2211465835571289, 0.6100664138793945, 0.5323970317840576, 0.5926730632781982, 0.4451444149017334]], "lowlevel.spectral_centroid.mean": [0.36439839005470276], "lowlevel.mfcc.mean": [[0.22715282440185547, 0.27995312213897705, 0.5343033075332642, 0.5832438468933105, 0.5596714019775391, 0.6886054277420044, 0.8576059937477112, 1.0415966510772705, 0.8443097472190857, 0.43093958497047424, 0.3630131483078003, 0.5659130215644836, 1.064407467842102]], "sfx.logattacktime.mean": [0.29122433066368103], "lowlevel.hfc.mean": [0.4851796329021454]}