{"lowlevel.dissonance.mean": [0.5859156847000122], "sfx.inharmonicity.mean": [0.2965274751186371], "lowlevel.spectral_contrast.mean": [[0.5213108062744141, 0.4126800298690796, 0.47619688510894775, 0.5880804061889648, 0.48976755142211914, 0.36850810050964355]], "lowlevel.spectral_centroid.mean": [0.3439149856567383], "lowlevel.mfcc.mean": [[0.22398364543914795, 0.33695274591445923, 0.5094866752624512, 0.5697901844978333, 0.5839815139770508, 0.5783023834228516, 0.7671846151351929, 0.8502752780914307, 0.8372737169265747, 0.8609002828598022, 0.9358379244804382, 0.8248950242996216, 0.6142346858978271]], "sfx.logattacktime.mean": [0.2784430682659149], "lowlevel.hfc.mean": [0.4730450212955475]}