{"lowlevel.dissonance.mean": [0.6263039112091064], "sfx.inharmonicity.mean": [0.2788584232330322], "lowlevel.spectral_contrast.mean": [[0.45762646198272705, 0.8610374927520752, 0.6611666679382324, 0.501657247543335, 0.3225288391113281, 0.3094363212585449]], "lowlevel.spectral_centroid.mean": [0.3409826159477234], "lowlevel.mfcc.mean": [[0.4170781373977661, 0.9251230955123901, 0.7931274771690369, 0.3053008019924164, 0.3320079445838928, 0.25662893056869507, 0.06303349137306213, -0.05226755142211914, 0.370674729347229, 0.7274340391159058, 0.8520519733428955, 0.7564631104469299, 0.5199857950210571]], "sfx.logattacktime.mean": [0.4258209466934204], "lowlevel.hfc.mean": [0.4721258878707886]}