{"lowlevel.dissonance.mean": [0.33434784412384033], "sfx.inharmonicity.mean": [0.5108062028884888], "lowlevel.spectral_contrast.mean": [[0.7155705690383911, 1.0331876277923584, 1.0773741006851196, 0.9984737634658813, 0.7591426372528076, 0.5262312889099121]], "lowlevel.spectral_centroid.mean": [0.42646586894989014], "lowlevel.mfcc.mean": [[0.43743979930877686, 0.5426546335220337, -0.14096513390541077, -0.13564616441726685, 0.18746784329414368, 0.1966075301170349, 0.2670420706272125, 0.046419382095336914, 0.17267194390296936, 0.09567293524742126, 0.286918044090271, 0.3131827116012573, 0.0889635682106018]], "sfx.logattacktime.mean": [0.5656178593635559], "lowlevel.hfc.mean": [0.4692912697792053]}