{"lowlevel.dissonance.mean": [0.12760138511657715], "sfx.inharmonicity.mean": [0.2608637809753418], "lowlevel.spectral_contrast.mean": [[0.3206794261932373, 0.8521323204040527, 0.49325287342071533, 0.3862881660461426, 0.25829505920410156, 0.26032376289367676]], "lowlevel.spectral_centroid.mean": [0.32225334644317627], "lowlevel.mfcc.mean": [[0.24276137351989746, 0.6202338933944702, 0.9035329222679138, 0.7665917873382568, 0.6662435531616211, 0.44267013669013977, 0.3566540777683258, 0.1875768005847931, 0.21861186623573303, 0.2744162380695343, 0.32640784978866577, 0.26706749200820923, 0.21042510867118835]], "sfx.logattacktime.mean": [0.18438369035720825], "lowlevel.hfc.mean": [0.46860501170158386]}