{"lowlevel.dissonance.mean": [0.6432890892028809], "sfx.inharmonicity.mean": [0.4241447448730469], "lowlevel.spectral_contrast.mean": [[0.6198405027389526, 0.24853026866912842, 0.3258998394012451, 0.6433389186859131, 0.5483129024505615, 0.4263124465942383]], "lowlevel.spectral_centroid.mean": [0.3552505373954773], "lowlevel.mfcc.mean": [[0.2634392976760864, 0.3733508288860321, 0.5932502746582031, 0.5741039514541626, 0.6160110235214233, 0.7968251705169678, 0.9824135303497314, 0.8015103340148926, 0.564534068107605, 0.606205940246582, 1.0308283567428589, 1.1019442081451416, 0.44161009788513184]], "sfx.logattacktime.mean": [0.26799049973487854], "lowlevel.hfc.mean": [0.4806332588195801]}