{"lowlevel.dissonance.mean": [0.4120936393737793], "sfx.inharmonicity.mean": [0.5425993800163269], "lowlevel.spectral_contrast.mean": [[0.358553409576416, 0.33425676822662354, 1.170265793800354, 0.9508317708969116, 0.6291449069976807, 0.39328742027282715]], "lowlevel.spectral_centroid.mean": [0.4413580298423767], "lowlevel.mfcc.mean": [[0.2548583745956421, 0.2592759132385254, -0.003175884485244751, 0.1484786868095398, 0.443692684173584, 0.5883291959762573, 0.9503519535064697, 0.9731426239013672, 0.7975664138793945, 0.4068620800971985, -0.19282126426696777, -0.14652270078659058, 1.1904315948486328]], "sfx.logattacktime.mean": [0.5479130148887634], "lowlevel.hfc.mean": [0.46600082516670227]}