{"lowlevel.dissonance.mean": [0.3680281639099121], "sfx.inharmonicity.mean": [0.31795287132263184], "lowlevel.spectral_contrast.mean": [[0.5674911737442017, 0.6467753648757935, 0.5413769483566284, 0.4793887138366699, 0.5254480838775635, 0.540715217590332]], "lowlevel.spectral_centroid.mean": [0.3569076657295227], "lowlevel.mfcc.mean": [[0.4714397192001343, 0.5935189723968506, 0.7691086530685425, 0.7943412065505981, 0.8025713562965393, 0.4795006215572357, 0.7261894941329956, 0.44753962755203247, 0.47032687067985535, 0.5398918986320496, 0.03177976608276367, 0.3900526762008667, 0.2875903248786926]], "sfx.logattacktime.mean": [0.6125061511993408], "lowlevel.hfc.mean": [0.4657879173755646]}