{"lowlevel.dissonance.mean": [0.08136951923370361], "sfx.inharmonicity.mean": [0.6320650577545166], "lowlevel.spectral_contrast.mean": [[0.2346874475479126, 0.17371225357055664, 1.5854504108428955, 1.3601057529449463, 0.7817590236663818, 0.34590983390808105]], "lowlevel.spectral_centroid.mean": [0.42397892475128174], "lowlevel.mfcc.mean": [[0.3282139301300049, 0.3882766366004944, -0.10258474946022034, -0.08016061782836914, 0.4110775887966156, 0.43911245465278625, 0.7207241654396057, 1.1406080722808838, 1.4079992771148682, 0.8627941012382507, -0.3261446952819824, -0.8898465633392334, 0.1114703118801117]], "sfx.logattacktime.mean": [0.627541184425354], "lowlevel.hfc.mean": [0.4934444725513458]}