{"lowlevel.dissonance.mean": [0.548653244972229], "sfx.inharmonicity.mean": [0.7050788402557373], "lowlevel.spectral_contrast.mean": [[0.5663387775421143, 0.2609219551086426, 1.3010879755020142, 1.4024713039398193, 1.6036202907562256, 1.051995038986206]], "lowlevel.spectral_centroid.mean": [0.525510311126709], "lowlevel.mfcc.mean": [[0.6048195362091064, 0.05046357214450836, 0.17758086323738098, 0.5346856713294983, 0.2728573679924011, 0.4450964033603668, 0.5181839466094971, 0.7827984690666199, 1.373520851135254, 1.196624755859375, 0.9778625965118408, 0.24688312411308289, -0.32230037450790405]], "sfx.logattacktime.mean": [0.5490265488624573], "lowlevel.hfc.mean": [0.5282418727874756]}