{"lowlevel.dissonance.mean": [0.46051573753356934], "sfx.inharmonicity.mean": [0.5082249641418457], "lowlevel.spectral_contrast.mean": [[0.7203336954116821, 0.881350040435791, 1.1083126068115234, 1.0266003608703613, 0.838529109954834, 0.5086607933044434]], "lowlevel.spectral_centroid.mean": [0.44238078594207764], "lowlevel.mfcc.mean": [[0.46926069259643555, 0.5527911186218262, -0.18103674054145813, -0.04660743474960327, 0.25262880325317383, 0.1829405128955841, 0.3457406759262085, 0.19598516821861267, 0.2665129601955414, 0.2188706398010254, 0.32832908630371094, 0.27986574172973633, 0.1332651972770691]], "sfx.logattacktime.mean": [0.4014698266983032], "lowlevel.hfc.mean": [0.470356285572052]}