{"lowlevel.dissonance.mean": [0.23719334602355957], "sfx.inharmonicity.mean": [0.41523146629333496], "lowlevel.spectral_contrast.mean": [[0.2502408027648926, 1.0853047370910645, 1.204360008239746, 0.8278071880340576, 0.7064926624298096, 0.5324516296386719]], "lowlevel.spectral_centroid.mean": [0.4090321660041809], "lowlevel.mfcc.mean": [[0.5051121711730957, 0.3846726715564728, 0.18447080254554749, 0.27956411242485046, 0.09921097755432129, 0.30150285363197327, 0.5527850985527039, 0.2992005944252014, 0.12237164378166199, 0.15757879614830017, 0.2650318145751953, 0.3139333426952362, 0.5742172002792358]], "sfx.logattacktime.mean": [0.5163300633430481], "lowlevel.hfc.mean": [0.4677957594394684]}