{"lowlevel.dissonance.mean": [0.56586754322052], "sfx.inharmonicity.mean": [0.5574505925178528], "lowlevel.spectral_contrast.mean": [[0.3057882785797119, 0.22613370418548584, 0.27588510513305664, 1.7140800952911377, 1.1597371101379395, 0.5361504554748535]], "lowlevel.spectral_centroid.mean": [0.46823540329933167], "lowlevel.mfcc.mean": [[0.35123777389526367, 0.05098975449800491, 0.03899294137954712, 0.34471026062965393, 0.5886978507041931, 0.8911014199256897, 0.7622788548469543, 0.283358097076416, -0.08931118249893188, 0.5161034464836121, 1.798398733139038, 1.3774826526641846, -0.671345591545105]], "sfx.logattacktime.mean": [0.3287040591239929], "lowlevel.hfc.mean": [0.5051435232162476]}