{"lowlevel.dissonance.mean": [0.21626222133636475], "sfx.inharmonicity.mean": [0.8479539155960083], "lowlevel.spectral_contrast.mean": [[0.6718596816062927, 1.0480477809906006, 0.9137203693389893, 0.6930770874023438, 0.43401122093200684, 0.423389196395874]], "lowlevel.spectral_centroid.mean": [0.3496423363685608], "lowlevel.mfcc.mean": [[0.8084385395050049, 1.0960441827774048, 0.3962474465370178, 0.11920672655105591, 0.08723869919776917, 0.1369597315788269, 0.3170744776725769, 0.05932879447937012, 0.22681933641433716, 0.9565603733062744, 0.21034425497055054, 0.19829636812210083, 0.5350059866905212]], "sfx.logattacktime.mean": [0.4338518977165222], "lowlevel.hfc.mean": [0.5078949928283691]}